138504.9459159909 122473.6292432806
138339.9994829424 122078.6373700334
138175.0530498939 122605.2932010297
138010.1066168454 122868.6211165278
138010.1066168454 121551.9815390371
137845.1601837969 123131.9490320260
137515.2673176999 120893.6617502917
137020.4280185543 124843.5804827639
136525.5887194088 125370.2363137602
136360.6422863603 124843.5804827639
136030.7494202633 125896.8921447564
135700.8565541663 126028.5561025055
135700.8565541663 125238.5723560111
135700.8565541663 124843.5804827639
135700.8565541663 123658.6048630222
135700.8565541663 123000.2850742769
135535.9101211178 122341.9652855315
135041.0708219723 126028.5561025055
134876.1243889238 126291.8840180037
134876.1243889238 122868.6211165278
134381.2850897782 124053.5967362695
134381.2850897782 123658.6048630222
134381.2850897782 123263.6129897750
134216.3386567298 124711.9165250148
134216.3386567298 122868.6211165278
134051.3922236813 124316.9246517676
113268.1416595695 109965.5532571188
113433.0880926180 109438.8974261225
117061.9096196851 105357.3147359013
116896.9631866366 105620.6426513995
114257.8202578605 108912.2415951262
114092.8738248120 109175.5695106244
113762.9809587150 109307.2334683735
113598.0345256665 109833.8892993697

138504.9459159909 122473.6292432806
138339.9994829424 122078.6373700334
138175.0530498939 122605.2932010297
138010.1066168454 122868.6211165278
138010.1066168454 121551.9815390371
137845.1601837969 123131.9490320260
137515.2673176999 120893.6617502917
136690.5351524574 120103.6780037973
136525.5887194088 125370.2363137602
136360.6422863603 124843.5804827639
136030.7494202633 125896.8921447564
135700.8565541663 126028.5561025055
135700.8565541663 125238.5723560111
135700.8565541663 124843.5804827639
135700.8565541663 123658.6048630222
135700.8565541663 123000.2850742769
135535.9101211178 122341.9652855315
135041.0708219723 126028.5561025055
134876.1243889238 126291.8840180037
134876.1243889238 122868.6211165278
134381.2850897782 124053.5967362695
134381.2850897782 123658.6048630222
134381.2850897782 123263.6129897750
134216.3386567298 124711.9165250148
134216.3386567298 122868.6211165278
134051.3922236813 124316.9246517676
113268.1416595695 109965.5532571188
113433.0880926180 109438.8974261225
113598.0345256665 109833.8892993697
113762.9809587150 109307.2334683735
114092.8738248120 109175.5695106244
114257.8202578605 108912.2415951262
117061.9096196851 105357.3147359013
116896.9631866366 105620.6426513995

138504.9459159909 122473.6292432806
138339.9994829424 122078.6373700334
138175.0530498939 122605.2932010297
138010.1066168454 122868.6211165278
138010.1066168454 121551.9815390371
137845.1601837969 123131.9490320260
137515.2673176999 120893.6617502917
137020.4280185543 124843.5804827639
136525.5887194088 125370.2363137602
136360.6422863603 124843.5804827639
136030.7494202633 125896.8921447564
135700.8565541663 126028.5561025055
135700.8565541663 125238.5723560111
135700.8565541663 123658.6048630222
135700.8565541663 123000.2850742769
135535.9101211178 122341.9652855315
135041.0708219723 126028.5561025055
134876.1243889238 126950.2038067490
134876.1243889238 126291.8840180037
134876.1243889238 122868.6211165278
134381.2850897782 124053.5967362695
134381.2850897782 123658.6048630222
134381.2850897782 123263.6129897750
134216.3386567298 124711.9165250148
134216.3386567298 122868.6211165278
134051.3922236813 124316.9246517676
113268.1416595695 109965.5532571188
113433.0880926180 109438.8974261225
113598.0345256665 109833.8892993697
113762.9809587150 109307.2334683735
114092.8738248120 109175.5695106244
114257.8202578605 108912.2415951262
117061.9096196851 105357.3147359013
116896.9631866366 105620.6426513995

134051.3922236813 124316.9246517676
134216.3386567298 122868.6211165278
134216.3386567298 124711.9165250148
134381.2850897782 123263.6129897750
134381.2850897782 123658.6048630222
134381.2850897782 124053.5967362695
134876.1243889238 122868.6211165278
134876.1243889238 126291.8840180037
135041.0708219723 126028.5561025055
135535.9101211178 122341.9652855315
135700.8565541663 123000.2850742769
135700.8565541663 123658.6048630222
135700.8565541663 124843.5804827639
135700.8565541663 125238.5723560111
135700.8565541663 126028.5561025055
136030.7494202633 125896.8921447564
136360.6422863603 124843.5804827639
136525.5887194088 125370.2363137602
138504.9459159909 122473.6292432806
138339.9994829424 122078.6373700334
138175.0530498939 122605.2932010297
138010.1066168454 122868.6211165278
138010.1066168454 121551.9815390371
137845.1601837969 123131.9490320260
137515.2673176999 120893.6617502917
136690.5351524574 120103.6780037973
113268.1416595695 109965.5532571188
113433.0880926180 109438.8974261225
113598.0345256665 109833.8892993697
113762.9809587150 109307.2334683735
114092.8738248120 109175.5695106244
114257.8202578605 108912.2415951262
117061.9096196851 105357.3147359013
116896.9631866366 105620.6426513995

132072.0350270992 126028.5561025055
133061.7136253902 115758.7673980780
133886.4457906327 116548.7511445724
133886.4457906327 116943.7430178196
134381.2850897782 123263.6129897750
134381.2850897782 126818.5398489999
134711.1779558753 126686.8758912509
134876.1243889238 122868.6211165278
134876.1243889238 126291.8840180037
135041.0708219723 123263.6129897750
135041.0708219723 126028.5561025055
135206.0172550208 122605.2932010297
135535.9101211178 122341.9652855315
135535.9101211178 124711.9165250148
135700.8565541663 125238.5723560111
135700.8565541663 126028.5561025055
136030.7494202633 125896.8921447564
136360.6422863603 124843.5804827639
136690.5351524574 120103.6780037973
138504.9459159909 122473.6292432806
138339.9994829424 122078.6373700334
138175.0530498939 122605.2932010297
138010.1066168454 122868.6211165278
138010.1066168454 121551.9815390371
137845.1601837969 123131.9490320260
137515.2673176999 120893.6617502917
113598.0345256665 109833.8892993697
113762.9809587150 109307.2334683735
113762.9809587150 111545.5207501077
117061.9096196851 105357.3147359013
116896.9631866366 105620.6426513995
114257.8202578605 108912.2415951262
114092.8738248120 109175.5695106244
113433.0880926180 109438.8974261225

138504.9459159909 122473.6292432806
138339.9994829424 122078.6373700334
138175.0530498939 122605.2932010297
138010.1066168454 122868.6211165278
138010.1066168454 121551.9815390371
137845.1601837969 123131.9490320260
137515.2673176999 120893.6617502917
136690.5351524574 120103.6780037973
136525.5887194088 125370.2363137602
136360.6422863603 124843.5804827639
136030.7494202633 125896.8921447564
135700.8565541663 126028.5561025055
135700.8565541663 125238.5723560111
135535.9101211178 122341.9652855315
135206.0172550208 122605.2932010297
135041.0708219723 126028.5561025055
135041.0708219723 123263.6129897750
134876.1243889238 126291.8840180037
134876.1243889238 122868.6211165278
134711.1779558753 126686.8758912509
134381.2850897782 126818.5398489999
134381.2850897782 123263.6129897750
134216.3386567298 123526.9409052732
133886.4457906327 123790.2688207713
133061.7136253902 115758.7673980780
132072.0350270992 126028.5561025055
113268.1416595695 109965.5532571188
113433.0880926180 109438.8974261225
113598.0345256665 109833.8892993697
113762.9809587150 109307.2334683735
114092.8738248120 109175.5695106244
117061.9096196851 105357.3147359013
116896.9631866366 105620.6426513995
114257.8202578605 108912.2415951262

134546.2315228268 123658.6048630222
134546.2315228268 123790.2688207713
134546.2315228268 124185.2606940185
134711.1779558753 123131.9490320260
134711.1779558753 123790.2688207713
134711.1779558753 123921.9327785204
134711.1779558753 124711.9165250148
134876.1243889238 124316.9246517676
134876.1243889238 124448.5886095167
135041.0708219723 123658.6048630222
135041.0708219723 124053.5967362695
135206.0172550208 124580.2525672657
135206.0172550208 124975.2444405129
135535.9101211178 124448.5886095167
135535.9101211178 125106.9083982620
135700.8565541663 124448.5886095167
135700.8565541663 124843.5804827639
135700.8565541663 125238.5723560111
135700.8565541663 126028.5561025055
135865.8029872148 124580.2525672657
135865.8029872148 125238.5723560111
135865.8029872148 125765.2281870074
136030.7494202633 124975.2444405129
136030.7494202633 125106.9083982620
136030.7494202633 125501.9002715092
136195.6958533118 125106.9083982620
113268.1416595695 109570.5613838716
113268.1416595695 109702.2253416207
113268.1416595695 109833.8892993697
113268.1416595695 109965.5532571188
113433.0880926180 109702.2253416207
113433.0880926180 109833.8892993697
113598.0345256665 109833.8892993697
113927.9273917635 109702.2253416207

132072.0350270992 126028.5561025055
138504.9459159909 122473.6292432806
138339.9994829424 122078.6373700334
138175.0530498939 122605.2932010297
138010.1066168454 122868.6211165278
138010.1066168454 121551.9815390371
137845.1601837969 123131.9490320260
137515.2673176999 120893.6617502917
136690.5351524574 120103.6780037973
136525.5887194088 125370.2363137602
136360.6422863603 124843.5804827639
136030.7494202633 125896.8921447564
135700.8565541663 126028.5561025055
135700.8565541663 125238.5723560111
135535.9101211178 122341.9652855315
135206.0172550208 122605.2932010297
135041.0708219723 126028.5561025055
135041.0708219723 123263.6129897750
134876.1243889238 126291.8840180037
134876.1243889238 122868.6211165278
134711.1779558753 126686.8758912509
134381.2850897782 126818.5398489999
134381.2850897782 123263.6129897750
134216.3386567298 123526.9409052732
133886.4457906327 123790.2688207713
133061.7136253902 115758.7673980780
113268.1416595695 109965.5532571188
113433.0880926180 109438.8974261225
113598.0345256665 109833.8892993697
113762.9809587150 109307.2334683735
114092.8738248120 109175.5695106244
114257.8202578605 108912.2415951262
117061.9096196851 105357.3147359013
116896.9631866366 105620.6426513995

138504.9459159909 122473.6292432806
138339.9994829424 122078.6373700334
138175.0530498939 122605.2932010297
138010.1066168454 122868.6211165278
138010.1066168454 121551.9815390371
137845.1601837969 123131.9490320260
137515.2673176999 120893.6617502917
137020.4280185543 124843.5804827639
136525.5887194088 125370.2363137602
136360.6422863603 124843.5804827639
136030.7494202633 125896.8921447564
135700.8565541663 126028.5561025055
135700.8565541663 125238.5723560111
135700.8565541663 124843.5804827639
135700.8565541663 123658.6048630222
135700.8565541663 123000.2850742769
135535.9101211178 122341.9652855315
135041.0708219723 126028.5561025055
134876.1243889238 126291.8840180037
134876.1243889238 122868.6211165278
134381.2850897782 124053.5967362695
134381.2850897782 123658.6048630222
134381.2850897782 123263.6129897750
134216.3386567298 124711.9165250148
134216.3386567298 122868.6211165278
134051.3922236813 124316.9246517676
113268.1416595695 109965.5532571188
113433.0880926180 109438.8974261225
113598.0345256665 109833.8892993697
113762.9809587150 109307.2334683735
114092.8738248120 109175.5695106244
114257.8202578605 108912.2415951262
117061.9096196851 105357.3147359013
116896.9631866366 105620.6426513995

134051.3922236813 124316.9246517676
134216.3386567298 122868.6211165278
134216.3386567298 124711.9165250148
134381.2850897782 123263.6129897750
134381.2850897782 123658.6048630222
134381.2850897782 124053.5967362695
134876.1243889238 122868.6211165278
134876.1243889238 126291.8840180037
135041.0708219723 126028.5561025055
135535.9101211178 122341.9652855315
135700.8565541663 123000.2850742769
135700.8565541663 123658.6048630222
135700.8565541663 124843.5804827639
135700.8565541663 125238.5723560111
135700.8565541663 126028.5561025055
138504.9459159909 122473.6292432806
138339.9994829424 122078.6373700334
138175.0530498939 122605.2932010297
138010.1066168454 122868.6211165278
138010.1066168454 121551.9815390371
137845.1601837969 123131.9490320260
137515.2673176999 120893.6617502917
137020.4280185543 124843.5804827639
136525.5887194088 125370.2363137602
136360.6422863603 124843.5804827639
136030.7494202633 125896.8921447564
113268.1416595695 109965.5532571188
113433.0880926180 109438.8974261225
113598.0345256665 109833.8892993697
113762.9809587150 109307.2334683735
114092.8738248120 109175.5695106244
114257.8202578605 108912.2415951262
117061.9096196851 105357.3147359013
116896.9631866366 105620.6426513995

138504.9459159909 122473.6292432806
138339.9994829424 122078.6373700334
138175.0530498939 122605.2932010297
138010.1066168454 121551.9815390371
137515.2673176999 120893.6617502917
136525.5887194088 125370.2363137602
136525.5887194088 124580.2525672657
136360.6422863603 124843.5804827639
136030.7494202633 125896.8921447564
135700.8565541663 126028.5561025055
135700.8565541663 125238.5723560111
135535.9101211178 124843.5804827639
135370.9636880693 126160.2200602546
135370.9636880693 124316.9246517676
135206.0172550208 125370.2363137602
135206.0172550208 124975.2444405129
135206.0172550208 124580.2525672657
135041.0708219723 123658.6048630222
134876.1243889238 122868.6211165278
134711.1779558753 123921.9327785204
134711.1779558753 123526.9409052732
134711.1779558753 123131.9490320260
134546.2315228268 124185.2606940185
134381.2850897782 124053.5967362695
134381.2850897782 123658.6048630222
134051.3922236813 124316.9246517676
113268.1416595695 109833.8892993697
113268.1416595695 109965.5532571188
113433.0880926180 109438.8974261225
113598.0345256665 109833.8892993697
113762.9809587150 109307.2334683735
113927.9273917635 109702.2253416207
117061.9096196851 105357.3147359013
116896.9631866366 105620.6426513995

134381.2850897782 123263.6129897750
134381.2850897782 123658.6048630222
134546.2315228268 124185.2606940185
134711.1779558753 123131.9490320260
134711.1779558753 123790.2688207713
134711.1779558753 123921.9327785204
134711.1779558753 124711.9165250148
134876.1243889238 124316.9246517676
134876.1243889238 124448.5886095167
135041.0708219723 123658.6048630222
135041.0708219723 124053.5967362695
135206.0172550208 124580.2525672657
135206.0172550208 124975.2444405129
135535.9101211178 124448.5886095167
135535.9101211178 125106.9083982620
135700.8565541663 124448.5886095167
135700.8565541663 124843.5804827639
135700.8565541663 125238.5723560111
135370.9636880693 125106.9083982620
135865.8029872148 124580.2525672657
135865.8029872148 125238.5723560111
135865.8029872148 125765.2281870074
136030.7494202633 124975.2444405129
136030.7494202633 125106.9083982620
136030.7494202633 125501.9002715092
136195.6958533118 125106.9083982620
113268.1416595695 109570.5613838716
113268.1416595695 109702.2253416207
113268.1416595695 109833.8892993697
113268.1416595695 109965.5532571188
113433.0880926180 109702.2253416207
113433.0880926180 109833.8892993697
117061.9096196851 105357.3147359013
113927.9273917635 109702.2253416207

136195.6958533118 125106.9083982620
136030.7494202633 125501.9002715092
136030.7494202633 125106.9083982620
136030.7494202633 124975.2444405129
135865.8029872148 125238.5723560111
135865.8029872148 125106.9083982620
135700.8565541663 125238.5723560111
135700.8565541663 124843.5804827639
135535.9101211178 125106.9083982620
135535.9101211178 124975.2444405129
135535.9101211178 124843.5804827639
135535.9101211178 124580.2525672657
135370.9636880693 124843.5804827639
135370.9636880693 124711.9165250148
135370.9636880693 124448.5886095167
135370.9636880693 124185.2606940185
135206.0172550208 124843.5804827639
135041.0708219723 124448.5886095167
135041.0708219723 124316.9246517676
134876.1243889238 124316.9246517676
134876.1243889238 124185.2606940185
134876.1243889238 124053.5967362695
134711.1779558753 124053.5967362695
134711.1779558753 123921.9327785204
134546.2315228268 123790.2688207713
134546.2315228268 123658.6048630222
113268.1416595695 109570.5613838716
113268.1416595695 109702.2253416207
113268.1416595695 109833.8892993697
113268.1416595695 109965.5532571188
113433.0880926180 109702.2253416207
113433.0880926180 109833.8892993697
113927.9273917635 109702.2253416207
113598.0345256665 109833.8892993697

134381.2850897782 123263.6129897750
134381.2850897782 123658.6048630222
134381.2850897782 124053.5967362695
134546.2315228268 124185.2606940185
134711.1779558753 123131.9490320260
134711.1779558753 123526.9409052732
134711.1779558753 123921.9327785204
134876.1243889238 122868.6211165278
134876.1243889238 124448.5886095167
135041.0708219723 123658.6048630222
135041.0708219723 124053.5967362695
135041.0708219723 124448.5886095167
138010.1066168454 121551.9815390371
136360.6422863603 124843.5804827639
136195.6958533118 125106.9083982620
136195.6958533118 124053.5967362695
136030.7494202633 125896.8921447564
136030.7494202633 125501.9002715092
136030.7494202633 125370.2363137602
135865.8029872148 124975.2444405129
135700.8565541663 126028.5561025055
135700.8565541663 125238.5723560111
135370.9636880693 123921.9327785204
135206.0172550208 125370.2363137602
135206.0172550208 124975.2444405129
135206.0172550208 124185.2606940185
113268.1416595695 109833.8892993697
113268.1416595695 109965.5532571188
113433.0880926180 109438.8974261225
113598.0345256665 109833.8892993697
113762.9809587150 109307.2334683735
113927.9273917635 109702.2253416207
117061.9096196851 105357.3147359013
113268.1416595695 109702.2253416207

130092.6778305171 132085.0981589628
130917.4099957596 129451.8190039814
131247.3028618566 128793.4992152360
131247.3028618566 130900.1225392212
131742.1421610021 127476.8596377453
131742.1421610021 128003.5154687416
131742.1421610021 129451.8190039814
134876.1243889238 122868.6211165278
134876.1243889238 126291.8840180037
135041.0708219723 123263.6129897750
135041.0708219723 126028.5561025055
135206.0172550208 122605.2932010297
135535.9101211178 122341.9652855315
135700.8565541663 125238.5723560111
135700.8565541663 126028.5561025055
136030.7494202633 125896.8921447564
136360.6422863603 124843.5804827639
136525.5887194088 125370.2363137602
137020.4280185543 124843.5804827639
137515.2673176999 120893.6617502917
134381.2850897782 126555.2119335018
138010.1066168454 121551.9815390371
138010.1066168454 122868.6211165278
138504.9459159909 122473.6292432806
138339.9994829424 122078.6373700334
138175.0530498939 122605.2932010297
113598.0345256665 100617.4122569347
113927.9273917635 101144.0680879310
114092.8738248120 101539.0599611782
114257.8202578605 102329.0437076727
114422.7666909090 102065.7157921745
115082.5524231030 103119.0274541671
115412.4452892001 103645.6832851634
115907.2845883456 104698.9949471560

136195.6958533118 125106.9083982620
136030.7494202633 125501.9002715092
136030.7494202633 125106.9083982620
136030.7494202633 124975.2444405129
135865.8029872148 125765.2281870074
135865.8029872148 125238.5723560111
135865.8029872148 124580.2525672657
135700.8565541663 126028.5561025055
135700.8565541663 125238.5723560111
135700.8565541663 124843.5804827639
135700.8565541663 124448.5886095167
135535.9101211178 125106.9083982620
135535.9101211178 124448.5886095167
135206.0172550208 124975.2444405129
135206.0172550208 124580.2525672657
135041.0708219723 124053.5967362695
135041.0708219723 123658.6048630222
134876.1243889238 124448.5886095167
134876.1243889238 124316.9246517676
134711.1779558753 124711.9165250148
134711.1779558753 123921.9327785204
134711.1779558753 123790.2688207713
134711.1779558753 123131.9490320260
134546.2315228268 124185.2606940185
134546.2315228268 123790.2688207713
134546.2315228268 123658.6048630222
113268.1416595695 109570.5613838716
113268.1416595695 109702.2253416207
113268.1416595695 109833.8892993697
113268.1416595695 109965.5532571188
113433.0880926180 109702.2253416207
113433.0880926180 109833.8892993697
113927.9273917635 109702.2253416207
113598.0345256665 109833.8892993697

134381.2850897782 123263.6129897750
134381.2850897782 123658.6048630222
134381.2850897782 124053.5967362695
134546.2315228268 124185.2606940185
138010.1066168454 121551.9815390371
136360.6422863603 124843.5804827639
136195.6958533118 125106.9083982620
136195.6958533118 124053.5967362695
136030.7494202633 125896.8921447564
136030.7494202633 125501.9002715092
136030.7494202633 125370.2363137602
135865.8029872148 124975.2444405129
135700.8565541663 126028.5561025055
135700.8565541663 125238.5723560111
135370.9636880693 123921.9327785204
135206.0172550208 125370.2363137602
135206.0172550208 124975.2444405129
135206.0172550208 124185.2606940185
135041.0708219723 124448.5886095167
135041.0708219723 124053.5967362695
135041.0708219723 123658.6048630222
134876.1243889238 124448.5886095167
134876.1243889238 122868.6211165278
134711.1779558753 123921.9327785204
134711.1779558753 123526.9409052732
134711.1779558753 123131.9490320260
113268.1416595695 109702.2253416207
113268.1416595695 109833.8892993697
113268.1416595695 109965.5532571188
113433.0880926180 109438.8974261225
113598.0345256665 109833.8892993697
113762.9809587150 109307.2334683735
113927.9273917635 109702.2253416207
117061.9096196851 105357.3147359013

133886.4457906327 123790.2688207713
134051.3922236813 123526.9409052732
134051.3922236813 124316.9246517676
134381.2850897782 124053.5967362695
138504.9459159909 122473.6292432806
138339.9994829424 122078.6373700334
138175.0530498939 122605.2932010297
138010.1066168454 121551.9815390371
137515.2673176999 120893.6617502917
136525.5887194088 125370.2363137602
136525.5887194088 124580.2525672657
136360.6422863603 124843.5804827639
136030.7494202633 125896.8921447564
135700.8565541663 126028.5561025055
135700.8565541663 125238.5723560111
135535.9101211178 124843.5804827639
135370.9636880693 126160.2200602546
135370.9636880693 124316.9246517676
135206.0172550208 125370.2363137602
135206.0172550208 124975.2444405129
135206.0172550208 124580.2525672657
135041.0708219723 123658.6048630222
134876.1243889238 122868.6211165278
134711.1779558753 123921.9327785204
134711.1779558753 123526.9409052732
134711.1779558753 123131.9490320260
113268.1416595695 109833.8892993697
113268.1416595695 109965.5532571188
113433.0880926180 109438.8974261225
117061.9096196851 105357.3147359013
116896.9631866366 105620.6426513995
113927.9273917635 109702.2253416207
113762.9809587150 109307.2334683735
113598.0345256665 109833.8892993697

130917.4099957596 129846.8108772286
131082.3564288081 129188.4910884832
131907.0885940507 128398.5073419888
131907.0885940507 128793.4992152360
132072.0350270992 127345.1956799962
129927.7313974686 132480.0900322100
134711.1779558753 126686.8758912509
134876.1243889238 122868.6211165278
134876.1243889238 126291.8840180037
135041.0708219723 123263.6129897750
135041.0708219723 126028.5561025055
135206.0172550208 122605.2932010297
135535.9101211178 122341.9652855315
135700.8565541663 125238.5723560111
135700.8565541663 126028.5561025055
136030.7494202633 125896.8921447564
136360.6422863603 124843.5804827639
136525.5887194088 125370.2363137602
138504.9459159909 122473.6292432806
138339.9994829424 122078.6373700334
138175.0530498939 122605.2932010297
138010.1066168454 122868.6211165278
138010.1066168454 121551.9815390371
137845.1601837969 123131.9490320260
137515.2673176999 120893.6617502917
137020.4280185543 124843.5804827639
113598.0345256665 100617.4122569347
113927.9273917635 101144.0680879310
114092.8738248120 101539.0599611782
114257.8202578605 102329.0437076727
114422.7666909090 102065.7157921745
115082.5524231030 103119.0274541671
115907.2845883456 104698.9949471560
115412.4452892001 103645.6832851634

130917.4099957596 129846.8108772286
131082.3564288081 129188.4910884832
131907.0885940507 128398.5073419888
131907.0885940507 128793.4992152360
132072.0350270992 127345.1956799962
132401.9278931962 126291.8840180037
134711.1779558753 126686.8758912509
134876.1243889238 122868.6211165278
134876.1243889238 126291.8840180037
135041.0708219723 123263.6129897750
135041.0708219723 126028.5561025055
135206.0172550208 122605.2932010297
135535.9101211178 122341.9652855315
135700.8565541663 125238.5723560111
135700.8565541663 126028.5561025055
136030.7494202633 125896.8921447564
136360.6422863603 124843.5804827639
136525.5887194088 125370.2363137602
138504.9459159909 122473.6292432806
138339.9994829424 122078.6373700334
138175.0530498939 122605.2932010297
138010.1066168454 122868.6211165278
138010.1066168454 121551.9815390371
137845.1601837969 123131.9490320260
137515.2673176999 120893.6617502917
137020.4280185543 124843.5804827639
113598.0345256665 100617.4122569347
113927.9273917635 101144.0680879310
114092.8738248120 101539.0599611782
114257.8202578605 102329.0437076727
114422.7666909090 102065.7157921745
115082.5524231030 103119.0274541671
115907.2845883456 104698.9949471560
115412.4452892001 103645.6832851634

130092.6778305171 132085.0981589628
130917.4099957596 129451.8190039814
131247.3028618566 128793.4992152360
131247.3028618566 130900.1225392212
131742.1421610021 127476.8596377453
131742.1421610021 128003.5154687416
131742.1421610021 129451.8190039814
134876.1243889238 122868.6211165278
134876.1243889238 126291.8840180037
135041.0708219723 123263.6129897750
135041.0708219723 126028.5561025055
135206.0172550208 122605.2932010297
135535.9101211178 122341.9652855315
135700.8565541663 125238.5723560111
135700.8565541663 126028.5561025055
136030.7494202633 125896.8921447564
136360.6422863603 124843.5804827639
136525.5887194088 125370.2363137602
137020.4280185543 124843.5804827639
137515.2673176999 120893.6617502917
137845.1601837969 123131.9490320260
138010.1066168454 121551.9815390371
138010.1066168454 122868.6211165278
138504.9459159909 122473.6292432806
138339.9994829424 122078.6373700334
138175.0530498939 122605.2932010297
113598.0345256665 100617.4122569347
113927.9273917635 101144.0680879310
114092.8738248120 101539.0599611782
114257.8202578605 102329.0437076727
114422.7666909090 102065.7157921745
115082.5524231030 103119.0274541671
115412.4452892001 103645.6832851634
115907.2845883456 104698.9949471560

134546.2315228268 123658.6048630222
134546.2315228268 123790.2688207713
134711.1779558753 123921.9327785204
134711.1779558753 124053.5967362695
134876.1243889238 124053.5967362695
134876.1243889238 124185.2606940185
134876.1243889238 124316.9246517676
135041.0708219723 124316.9246517676
135041.0708219723 124448.5886095167
135206.0172550208 124843.5804827639
135370.9636880693 124185.2606940185
135370.9636880693 124448.5886095167
135370.9636880693 124711.9165250148
135370.9636880693 124843.5804827639
135535.9101211178 124580.2525672657
135535.9101211178 124843.5804827639
135535.9101211178 124975.2444405129
135535.9101211178 125106.9083982620
135700.8565541663 124843.5804827639
135700.8565541663 125238.5723560111
136195.6958533118 125106.9083982620
136030.7494202633 125501.9002715092
136030.7494202633 125106.9083982620
136030.7494202633 124975.2444405129
136030.7494202633 124580.2525672657
135865.8029872148 125238.5723560111
113268.1416595695 109570.5613838716
113268.1416595695 109702.2253416207
113268.1416595695 109833.8892993697
113268.1416595695 109965.5532571188
113433.0880926180 109702.2253416207
113433.0880926180 109833.8892993697
113598.0345256665 109570.5613838716
113598.0345256665 109833.8892993697

133886.4457906327 123790.2688207713
134051.3922236813 123526.9409052732
134051.3922236813 124316.9246517676
134381.2850897782 124053.5967362695
138504.9459159909 122473.6292432806
138339.9994829424 122078.6373700334
138175.0530498939 122605.2932010297
138010.1066168454 121551.9815390371
137515.2673176999 120893.6617502917
136525.5887194088 125370.2363137602
136525.5887194088 124580.2525672657
136360.6422863603 124843.5804827639
136030.7494202633 125896.8921447564
135700.8565541663 126028.5561025055
135700.8565541663 125238.5723560111
135535.9101211178 124843.5804827639
135370.9636880693 126160.2200602546
135370.9636880693 124316.9246517676
135206.0172550208 125370.2363137602
135206.0172550208 124975.2444405129
135206.0172550208 124580.2525672657
135041.0708219723 123658.6048630222
134876.1243889238 122868.6211165278
134711.1779558753 123921.9327785204
134711.1779558753 123526.9409052732
134711.1779558753 123131.9490320260
113268.1416595695 109833.8892993697
113268.1416595695 109965.5532571188
113433.0880926180 109438.8974261225
113598.0345256665 109833.8892993697
113762.9809587150 109307.2334683735
113927.9273917635 109702.2253416207
117061.9096196851 105357.3147359013
116896.9631866366 105620.6426513995

136195.6958533118 125106.9083982620
136030.7494202633 125501.9002715092
136030.7494202633 125106.9083982620
136030.7494202633 124975.2444405129
135865.8029872148 125238.5723560111
135700.8565541663 125238.5723560111
135700.8565541663 124843.5804827639
135535.9101211178 125106.9083982620
135535.9101211178 124975.2444405129
135535.9101211178 124843.5804827639
135535.9101211178 124580.2525672657
135535.9101211178 124448.5886095167
135370.9636880693 124843.5804827639
135370.9636880693 124711.9165250148
135370.9636880693 124448.5886095167
135370.9636880693 124185.2606940185
135206.0172550208 124843.5804827639
135206.0172550208 123790.2688207713
135041.0708219723 124448.5886095167
135041.0708219723 124316.9246517676
134876.1243889238 124448.5886095167
134876.1243889238 124316.9246517676
134876.1243889238 124185.2606940185
134711.1779558753 123921.9327785204
134546.2315228268 123790.2688207713
134546.2315228268 123658.6048630222
113268.1416595695 109570.5613838716
113268.1416595695 109702.2253416207
113268.1416595695 109833.8892993697
113268.1416595695 109965.5532571188
113433.0880926180 109702.2253416207
113433.0880926180 109833.8892993697
113598.0345256665 109570.5613838716
113598.0345256665 109833.8892993697

134051.3922236813 124316.9246517676
134381.2850897782 123263.6129897750
134381.2850897782 123658.6048630222
134381.2850897782 124053.5967362695
134711.1779558753 123131.9490320260
134711.1779558753 123526.9409052732
134711.1779558753 123921.9327785204
138669.8923490394 122868.6211165278
138504.9459159909 122473.6292432806
138339.9994829424 122078.6373700334
138010.1066168454 121551.9815390371
137515.2673176999 120893.6617502917
136525.5887194088 125370.2363137602
136525.5887194088 124580.2525672657
136360.6422863603 124843.5804827639
136030.7494202633 125896.8921447564
135700.8565541663 126028.5561025055
135700.8565541663 125238.5723560111
135535.9101211178 124843.5804827639
135370.9636880693 126160.2200602546
135370.9636880693 124316.9246517676
135206.0172550208 125370.2363137602
135206.0172550208 124975.2444405129
135206.0172550208 124580.2525672657
135041.0708219723 123658.6048630222
134876.1243889238 122868.6211165278
113268.1416595695 109833.8892993697
113268.1416595695 109965.5532571188
113433.0880926180 109438.8974261225
113598.0345256665 109833.8892993697
113762.9809587150 109307.2334683735
113927.9273917635 109702.2253416207
117061.9096196851 105357.3147359013
116896.9631866366 105620.6426513995

133556.5529245357 127476.8596377453
130917.4099957596 129451.8190039814
131247.3028618566 128793.4992152360
131247.3028618566 130900.1225392212
131742.1421610021 127476.8596377453
131742.1421610021 128003.5154687416
131742.1421610021 129451.8190039814
138504.9459159909 122473.6292432806
138339.9994829424 122078.6373700334
138175.0530498939 122605.2932010297
138010.1066168454 122868.6211165278
138010.1066168454 121551.9815390371
137845.1601837969 123131.9490320260
137515.2673176999 120893.6617502917
137020.4280185543 124843.5804827639
136525.5887194088 125370.2363137602
136360.6422863603 124843.5804827639
136030.7494202633 125896.8921447564
135700.8565541663 126028.5561025055
135700.8565541663 125238.5723560111
135535.9101211178 122341.9652855315
135206.0172550208 122605.2932010297
135041.0708219723 126028.5561025055
135041.0708219723 123263.6129897750
134876.1243889238 126291.8840180037
134876.1243889238 122868.6211165278
113598.0345256665 100617.4122569347
113927.9273917635 101144.0680879310
114092.8738248120 101539.0599611782
114257.8202578605 102329.0437076727
114422.7666909090 102065.7157921745
115907.2845883456 104698.9949471560
115412.4452892001 103645.6832851634
115082.5524231030 103119.0274541671

132072.0350270992 126028.5561025055
133061.7136253902 115758.7673980780
133886.4457906327 116548.7511445724
134216.3386567298 123526.9409052732
134381.2850897782 123263.6129897750
134381.2850897782 126818.5398489999
134711.1779558753 126686.8758912509
134876.1243889238 122868.6211165278
134876.1243889238 126291.8840180037
135041.0708219723 123263.6129897750
135041.0708219723 126028.5561025055
135206.0172550208 122605.2932010297
135535.9101211178 122341.9652855315
135535.9101211178 124711.9165250148
135700.8565541663 125238.5723560111
135700.8565541663 126028.5561025055
136030.7494202633 125896.8921447564
136360.6422863603 124843.5804827639
136690.5351524574 120103.6780037973
137515.2673176999 120893.6617502917
137845.1601837969 123131.9490320260
138010.1066168454 121551.9815390371
138010.1066168454 122868.6211165278
138175.0530498939 122605.2932010297
138339.9994829424 122078.6373700334
138504.9459159909 122473.6292432806
113268.1416595695 109965.5532571188
113598.0345256665 109833.8892993697
113762.9809587150 109307.2334683735
113762.9809587150 111545.5207501077
113927.9273917635 109702.2253416207
114257.8202578605 108912.2415951262
117061.9096196851 105357.3147359013
116896.9631866366 105620.6426513995

136195.6958533118 125106.9083982620
136030.7494202633 125501.9002715092
136030.7494202633 125106.9083982620
136030.7494202633 124975.2444405129
135865.8029872148 125370.2363137602
135865.8029872148 125238.5723560111
135865.8029872148 125106.9083982620
135700.8565541663 125238.5723560111
135700.8565541663 124843.5804827639
135535.9101211178 125106.9083982620
135535.9101211178 124316.9246517676
135370.9636880693 125501.9002715092
135370.9636880693 125370.2363137602
135370.9636880693 124711.9165250148
135041.0708219723 124448.5886095167
135041.0708219723 124053.5967362695
135041.0708219723 123658.6048630222
134876.1243889238 124448.5886095167
134876.1243889238 124316.9246517676
134711.1779558753 124711.9165250148
134711.1779558753 123921.9327785204
134711.1779558753 123790.2688207713
134711.1779558753 123658.6048630222
134546.2315228268 124053.5967362695
134546.2315228268 123790.2688207713
134546.2315228268 123658.6048630222
113268.1416595695 109833.8892993697
113268.1416595695 109965.5532571188
113433.0880926180 109438.8974261225
113762.9809587150 109570.5613838716
113598.0345256665 109833.8892993697
113433.0880926180 109702.2253416207
113268.1416595695 109702.2253416207
113268.1416595695 109570.5613838716

134051.3922236813 124316.9246517676
134381.2850897782 123263.6129897750
134381.2850897782 123658.6048630222
134381.2850897782 124053.5967362695
134711.1779558753 123131.9490320260
134711.1779558753 123526.9409052732
134711.1779558753 123921.9327785204
134876.1243889238 122868.6211165278
134876.1243889238 124448.5886095167
138504.9459159909 122473.6292432806
138339.9994829424 122078.6373700334
138175.0530498939 122605.2932010297
138010.1066168454 121551.9815390371
137515.2673176999 120893.6617502917
136525.5887194088 125370.2363137602
136525.5887194088 124580.2525672657
136360.6422863603 124843.5804827639
136030.7494202633 125896.8921447564
135700.8565541663 126028.5561025055
135700.8565541663 125238.5723560111
135535.9101211178 124843.5804827639
135370.9636880693 126160.2200602546
135370.9636880693 124316.9246517676
135206.0172550208 125370.2363137602
135206.0172550208 124975.2444405129
135206.0172550208 124580.2525672657
113268.1416595695 109833.8892993697
113268.1416595695 109965.5532571188
113433.0880926180 109438.8974261225
113598.0345256665 109833.8892993697
113762.9809587150 109307.2334683735
113927.9273917635 109702.2253416207
117061.9096196851 105357.3147359013
116896.9631866366 105620.6426513995

134546.2315228268 123658.6048630222
134546.2315228268 123790.2688207713
134546.2315228268 124053.5967362695
134711.1779558753 123658.6048630222
134711.1779558753 123790.2688207713
134711.1779558753 123921.9327785204
134876.1243889238 123526.9409052732
134876.1243889238 124185.2606940185
134876.1243889238 124316.9246517676
134876.1243889238 124448.5886095167
134876.1243889238 124843.5804827639
135041.0708219723 123658.6048630222
135041.0708219723 124053.5967362695
135041.0708219723 124448.5886095167
135206.0172550208 124580.2525672657
135370.9636880693 124580.2525672657
135370.9636880693 124711.9165250148
136195.6958533118 125106.9083982620
136030.7494202633 125501.9002715092
136030.7494202633 125106.9083982620
136030.7494202633 124975.2444405129
135865.8029872148 125370.2363137602
135865.8029872148 125238.5723560111
135865.8029872148 125106.9083982620
135700.8565541663 125238.5723560111
135700.8565541663 124843.5804827639
113268.1416595695 109570.5613838716
113268.1416595695 109702.2253416207
113268.1416595695 109833.8892993697
113268.1416595695 109965.5532571188
113433.0880926180 109702.2253416207
113433.0880926180 109833.8892993697
113598.0345256665 109570.5613838716
113598.0345256665 109833.8892993697

132072.0350270992 126028.5561025055
133061.7136253902 115758.7673980780
138504.9459159909 122473.6292432806
138339.9994829424 122078.6373700334
138175.0530498939 122605.2932010297
138010.1066168454 122868.6211165278
138010.1066168454 121551.9815390371
137845.1601837969 123131.9490320260
137515.2673176999 120893.6617502917
136690.5351524574 120103.6780037973
136360.6422863603 124843.5804827639
136030.7494202633 125896.8921447564
135700.8565541663 126028.5561025055
135700.8565541663 125238.5723560111
135535.9101211178 124711.9165250148
135535.9101211178 122341.9652855315
135206.0172550208 122605.2932010297
135041.0708219723 126028.5561025055
135041.0708219723 123263.6129897750
134876.1243889238 126291.8840180037
134876.1243889238 122868.6211165278
134711.1779558753 126686.8758912509
134381.2850897782 126818.5398489999
134381.2850897782 123263.6129897750
133886.4457906327 116943.7430178196
133886.4457906327 116548.7511445724
113268.1416595695 109965.5532571188
117061.9096196851 105357.3147359013
116896.9631866366 105620.6426513995
114257.8202578605 108912.2415951262
113927.9273917635 109702.2253416207
113762.9809587150 111545.5207501077
113762.9809587150 109307.2334683735
113598.0345256665 109833.8892993697

130092.6778305171 132085.0981589628
130257.6242635656 131690.1062857156
130422.5706966141 131163.4504547193
130917.4099957596 129451.8190039814
131247.3028618566 128793.4992152360
131247.3028618566 130900.1225392212
131577.1957279537 130636.7946237230
131742.1421610021 128003.5154687416
131742.1421610021 129451.8190039814
131907.0885940507 128398.5073419888
132236.9814601477 127081.8677644981
132566.8743262447 127871.8515109925
132731.8207592932 129320.1550462323
133721.4993575842 123658.6048630222
134216.3386567298 127871.8515109925
135370.9636880693 123131.9490320260
135700.8565541663 122605.2932010297
135700.8565541663 123658.6048630222
138504.9459159909 122473.6292432806
138339.9994829424 122078.6373700334
138175.0530498939 122605.2932010297
138010.1066168454 122868.6211165278
138010.1066168454 121551.9815390371
137845.1601837969 123131.9490320260
137515.2673176999 120893.6617502917
137020.4280185543 124843.5804827639
113598.0345256665 100617.4122569347
113927.9273917635 101144.0680879310
114092.8738248120 101539.0599611782
114257.8202578605 102329.0437076727
114422.7666909090 102065.7157921745
115082.5524231030 103119.0274541671
115247.4988561515 103514.0193274143
115907.2845883456 104698.9949471560

134381.2850897782 123263.6129897750
134381.2850897782 123658.6048630222
134546.2315228268 124185.2606940185
134711.1779558753 123131.9490320260
134711.1779558753 123790.2688207713
134711.1779558753 123921.9327785204
134711.1779558753 124711.9165250148
134876.1243889238 124316.9246517676
134876.1243889238 124448.5886095167
135041.0708219723 123658.6048630222
135041.0708219723 124053.5967362695
135206.0172550208 124580.2525672657
135206.0172550208 124975.2444405129
135535.9101211178 124448.5886095167
135535.9101211178 125106.9083982620
135700.8565541663 124448.5886095167
135700.8565541663 124843.5804827639
135700.8565541663 125238.5723560111
135700.8565541663 126028.5561025055
135865.8029872148 124580.2525672657
135865.8029872148 125765.2281870074
136030.7494202633 124975.2444405129
136030.7494202633 125370.2363137602
136030.7494202633 125501.9002715092
136195.6958533118 125106.9083982620
136195.6958533118 125633.5642292583
113268.1416595695 109702.2253416207
113268.1416595695 109833.8892993697
113268.1416595695 109965.5532571188
113762.9809587150 109570.5613838716
113598.0345256665 109833.8892993697
113433.0880926180 109833.8892993697
113433.0880926180 109702.2253416207
113433.0880926180 109438.8974261225

134546.2315228268 123658.6048630222
134546.2315228268 123790.2688207713
134546.2315228268 124053.5967362695
134711.1779558753 123658.6048630222
134711.1779558753 123790.2688207713
134711.1779558753 123921.9327785204
136195.6958533118 125633.5642292583
136195.6958533118 125106.9083982620
136030.7494202633 125501.9002715092
136030.7494202633 125370.2363137602
135865.8029872148 125238.5723560111
135865.8029872148 124843.5804827639
135700.8565541663 125238.5723560111
135535.9101211178 125106.9083982620
135535.9101211178 124975.2444405129
135370.9636880693 124711.9165250148
135370.9636880693 124580.2525672657
135206.0172550208 125106.9083982620
135206.0172550208 124580.2525672657
135041.0708219723 124448.5886095167
135041.0708219723 124053.5967362695
135041.0708219723 123658.6048630222
134876.1243889238 124843.5804827639
134876.1243889238 124448.5886095167
134876.1243889238 124316.9246517676
134876.1243889238 124185.2606940185
113268.1416595695 109570.5613838716
113268.1416595695 109702.2253416207
113268.1416595695 109833.8892993697
113268.1416595695 109965.5532571188
113433.0880926180 109702.2253416207
113433.0880926180 109833.8892993697
113598.0345256665 109570.5613838716
113598.0345256665 109833.8892993697

134051.3922236813 124316.9246517676
134381.2850897782 123263.6129897750
134381.2850897782 123658.6048630222
134381.2850897782 124053.5967362695
134711.1779558753 123131.9490320260
134711.1779558753 123526.9409052732
134711.1779558753 123921.9327785204
134876.1243889238 122868.6211165278
135206.0172550208 124975.2444405129
135206.0172550208 125370.2363137602
135370.9636880693 122736.9571587787
135370.9636880693 124316.9246517676
135370.9636880693 126160.2200602546
135535.9101211178 124843.5804827639
135700.8565541663 125238.5723560111
135700.8565541663 126028.5561025055
138504.9459159909 122473.6292432806
138339.9994829424 122078.6373700334
138175.0530498939 122605.2932010297
138010.1066168454 121551.9815390371
137515.2673176999 120893.6617502917
136525.5887194088 125370.2363137602
136525.5887194088 124580.2525672657
136360.6422863603 124843.5804827639
136030.7494202633 125896.8921447564
135700.8565541663 123658.6048630222
113268.1416595695 109965.5532571188
113433.0880926180 109438.8974261225
113598.0345256665 109833.8892993697
117061.9096196851 105357.3147359013
116896.9631866366 105620.6426513995
113927.9273917635 109702.2253416207
113762.9809587150 109307.2334683735
113268.1416595695 109833.8892993697

138504.9459159909 122473.6292432806
138339.9994829424 122078.6373700334
138175.0530498939 122605.2932010297
138010.1066168454 122868.6211165278
138010.1066168454 121551.9815390371
137845.1601837969 123131.9490320260
137515.2673176999 120893.6617502917
136690.5351524574 120103.6780037973
136360.6422863603 124843.5804827639
136030.7494202633 125896.8921447564
135700.8565541663 126028.5561025055
135700.8565541663 125238.5723560111
135535.9101211178 124711.9165250148
135535.9101211178 122341.9652855315
135206.0172550208 122605.2932010297
135041.0708219723 126028.5561025055
135041.0708219723 123263.6129897750
134876.1243889238 126291.8840180037
134876.1243889238 122868.6211165278
134711.1779558753 126686.8758912509
134381.2850897782 126818.5398489999
134381.2850897782 123263.6129897750
133886.4457906327 116943.7430178196
133886.4457906327 116548.7511445724
133061.7136253902 115758.7673980780
132072.0350270992 126028.5561025055
113268.1416595695 109965.5532571188
113433.0880926180 109438.8974261225
113598.0345256665 109833.8892993697
113762.9809587150 109307.2334683735
114092.8738248120 109175.5695106244
114257.8202578605 108912.2415951262
117061.9096196851 105357.3147359013
116896.9631866366 105620.6426513995

130257.6242635656 131690.1062857156
130422.5706966141 131163.4504547193
130917.4099957596 129451.8190039814
131247.3028618566 128793.4992152360
131577.1957279537 130636.7946237230
131742.1421610021 128003.5154687416
136525.5887194088 124843.5804827639
131907.0885940507 128398.5073419888
132566.8743262447 127871.8515109925
132731.8207592932 129320.1550462323
138504.9459159909 122473.6292432806
138339.9994829424 122078.6373700334
138175.0530498939 122605.2932010297
138010.1066168454 122868.6211165278
130092.6778305171 132085.0981589628
137515.2673176999 120893.6617502917
136690.5351524574 124580.2525672657
137680.2137507484 123395.2769475241
135370.9636880693 123131.9490320260
131247.3028618566 130900.1225392212
134216.3386567298 127871.8515109925
133721.4993575842 123658.6048630222
135700.8565541663 123658.6048630222
135700.8565541663 122605.2932010297
137350.3208846514 123921.9327785204
132236.9814601477 127081.8677644981
113598.0345256665 100617.4122569347
113927.9273917635 101144.0680879310
114092.8738248120 101539.0599611782
114257.8202578605 102329.0437076727
114422.7666909090 102065.7157921745
115082.5524231030 103119.0274541671
115247.4988561515 103514.0193274143
115907.2845883456 104698.9949471560

133886.4457906327 123790.2688207713
134051.3922236813 123526.9409052732
134051.3922236813 124316.9246517676
134216.3386567298 122868.6211165278
134216.3386567298 124711.9165250148
134381.2850897782 123263.6129897750
134876.1243889238 122868.6211165278
135041.0708219723 123658.6048630222
135206.0172550208 124975.2444405129
135206.0172550208 125370.2363137602
135370.9636880693 122736.9571587787
135370.9636880693 124316.9246517676
135370.9636880693 126160.2200602546
135535.9101211178 124843.5804827639
135700.8565541663 123658.6048630222
135700.8565541663 125238.5723560111
135700.8565541663 126028.5561025055
136030.7494202633 125896.8921447564
136360.6422863603 124843.5804827639
138504.9459159909 122473.6292432806
138339.9994829424 122078.6373700334
138175.0530498939 122605.2932010297
138010.1066168454 123000.2850742769
138010.1066168454 121551.9815390371
137515.2673176999 120893.6617502917
136525.5887194088 125370.2363137602
113268.1416595695 109965.5532571188
113433.0880926180 109438.8974261225
117061.9096196851 105357.3147359013
116896.9631866366 105620.6426513995
114257.8202578605 108912.2415951262
114092.8738248120 109175.5695106244
113762.9809587150 109307.2334683735
113598.0345256665 109833.8892993697

136195.6958533118 125106.9083982620
136030.7494202633 125501.9002715092
136030.7494202633 125106.9083982620
136030.7494202633 124975.2444405129
135865.8029872148 125238.5723560111
135865.8029872148 125106.9083982620
135700.8565541663 125238.5723560111
135700.8565541663 124843.5804827639
135535.9101211178 125106.9083982620
135535.9101211178 124975.2444405129
135535.9101211178 124843.5804827639
135535.9101211178 124580.2525672657
135370.9636880693 124843.5804827639
135370.9636880693 124711.9165250148
135370.9636880693 124448.5886095167
135370.9636880693 124185.2606940185
135206.0172550208 124843.5804827639
135041.0708219723 124448.5886095167
135041.0708219723 124316.9246517676
134711.1779558753 124053.5967362695
134876.1243889238 124316.9246517676
134876.1243889238 124185.2606940185
134876.1243889238 124053.5967362695
134711.1779558753 123921.9327785204
134546.2315228268 123790.2688207713
134546.2315228268 123658.6048630222
113268.1416595695 109570.5613838716
113268.1416595695 109702.2253416207
113268.1416595695 109833.8892993697
113268.1416595695 109965.5532571188
113433.0880926180 109702.2253416207
113433.0880926180 109833.8892993697
113598.0345256665 109570.5613838716
113598.0345256665 109833.8892993697

134051.3922236813 124316.9246517676
134216.3386567298 122868.6211165278
134381.2850897782 123263.6129897750
134381.2850897782 123658.6048630222
134381.2850897782 124053.5967362695
134711.1779558753 123921.9327785204
134876.1243889238 122868.6211165278
134876.1243889238 126291.8840180037
138504.9459159909 122473.6292432806
138339.9994829424 122078.6373700334
138175.0530498939 122605.2932010297
138010.1066168454 122868.6211165278
138010.1066168454 121551.9815390371
137845.1601837969 123131.9490320260
137515.2673176999 120893.6617502917
137020.4280185543 124843.5804827639
136525.5887194088 125370.2363137602
136360.6422863603 124843.5804827639
136030.7494202633 125896.8921447564
135700.8565541663 126028.5561025055
135700.8565541663 125238.5723560111
135535.9101211178 122341.9652855315
135206.0172550208 122605.2932010297
135041.0708219723 126028.5561025055
135041.0708219723 123658.6048630222
135041.0708219723 123263.6129897750
113268.1416595695 109965.5532571188
113433.0880926180 109438.8974261225
113598.0345256665 109833.8892993697
113762.9809587150 109307.2334683735
114092.8738248120 109175.5695106244
114257.8202578605 108912.2415951262
117061.9096196851 105357.3147359013
116896.9631866366 105620.6426513995

138504.9459159909 122473.6292432806
138339.9994829424 122078.6373700334
138175.0530498939 122605.2932010297
138010.1066168454 122868.6211165278
138010.1066168454 121551.9815390371
137845.1601837969 123131.9490320260
137515.2673176999 120893.6617502917
136690.5351524574 120103.6780037973
136525.5887194088 125370.2363137602
136360.6422863603 124843.5804827639
136030.7494202633 125896.8921447564
135700.8565541663 126028.5561025055
135700.8565541663 125238.5723560111
135535.9101211178 122341.9652855315
135206.0172550208 122605.2932010297
135041.0708219723 126028.5561025055
135041.0708219723 123263.6129897750
134876.1243889238 126291.8840180037
134876.1243889238 122868.6211165278
134711.1779558753 126686.8758912509
134381.2850897782 123263.6129897750
134216.3386567298 124711.9165250148
134051.3922236813 124316.9246517676
134051.3922236813 123526.9409052732
133886.4457906327 123790.2688207713
133061.7136253902 115758.7673980780
113268.1416595695 109965.5532571188
113598.0345256665 109833.8892993697
113762.9809587150 109307.2334683735
113927.9273917635 109702.2253416207
114092.8738248120 109175.5695106244
114257.8202578605 108912.2415951262
117061.9096196851 105357.3147359013
116896.9631866366 105620.6426513995

133061.7136253902 115758.7673980780
133886.4457906327 116548.7511445724
133886.4457906327 116943.7430178196
133886.4457906327 123790.2688207713
134216.3386567298 123526.9409052732
134381.2850897782 123263.6129897750
134381.2850897782 126818.5398489999
134711.1779558753 126686.8758912509
134876.1243889238 122868.6211165278
134876.1243889238 126291.8840180037
135041.0708219723 123263.6129897750
135041.0708219723 126028.5561025055
135206.0172550208 122605.2932010297
135535.9101211178 122341.9652855315
135700.8565541663 125238.5723560111
135700.8565541663 126028.5561025055
138504.9459159909 122473.6292432806
138339.9994829424 122078.6373700334
138175.0530498939 122605.2932010297
138010.1066168454 122868.6211165278
138010.1066168454 121551.9815390371
137845.1601837969 123131.9490320260
137515.2673176999 120893.6617502917
136690.5351524574 120103.6780037973
136525.5887194088 125370.2363137602
136030.7494202633 125896.8921447564
113268.1416595695 109965.5532571188
117061.9096196851 105357.3147359013
116896.9631866366 105620.6426513995
114257.8202578605 108912.2415951262
113927.9273917635 109702.2253416207
113762.9809587150 111545.5207501077
113762.9809587150 109307.2334683735
113598.0345256665 109833.8892993697

136195.6958533118 125106.9083982620
136030.7494202633 125501.9002715092
136030.7494202633 125106.9083982620
136030.7494202633 124975.2444405129
135865.8029872148 125238.5723560111
135700.8565541663 125238.5723560111
135700.8565541663 124843.5804827639
135535.9101211178 125106.9083982620
135535.9101211178 124975.2444405129
135535.9101211178 124843.5804827639
135535.9101211178 124580.2525672657
135370.9636880693 124843.5804827639
135370.9636880693 124711.9165250148
135370.9636880693 124448.5886095167
135370.9636880693 124185.2606940185
135206.0172550208 124843.5804827639
135206.0172550208 123790.2688207713
135041.0708219723 124448.5886095167
135041.0708219723 124316.9246517676
134876.1243889238 124448.5886095167
134876.1243889238 124316.9246517676
134876.1243889238 124185.2606940185
134876.1243889238 124053.5967362695
134711.1779558753 123921.9327785204
134546.2315228268 123790.2688207713
134546.2315228268 123658.6048630222
113268.1416595695 109570.5613838716
113268.1416595695 109702.2253416207
113268.1416595695 109833.8892993697
113268.1416595695 109965.5532571188
113433.0880926180 109702.2253416207
113433.0880926180 109833.8892993697
113762.9809587150 109570.5613838716
113598.0345256665 109833.8892993697

136195.6958533118 125106.9083982620
136030.7494202633 125501.9002715092
136030.7494202633 125106.9083982620
136030.7494202633 124975.2444405129
135865.8029872148 125238.5723560111
135700.8565541663 125238.5723560111
135700.8565541663 124843.5804827639
135535.9101211178 125106.9083982620
135535.9101211178 124975.2444405129
135535.9101211178 124843.5804827639
135535.9101211178 124580.2525672657
135370.9636880693 124843.5804827639
135370.9636880693 124711.9165250148
135370.9636880693 124448.5886095167
135370.9636880693 124185.2606940185
135206.0172550208 124843.5804827639
135206.0172550208 123790.2688207713
135041.0708219723 124448.5886095167
135041.0708219723 124316.9246517676
135041.0708219723 123790.2688207713
134876.1243889238 124316.9246517676
134876.1243889238 124185.2606940185
134876.1243889238 124053.5967362695
134711.1779558753 123921.9327785204
134546.2315228268 123790.2688207713
134546.2315228268 123658.6048630222
113268.1416595695 109965.5532571188
113433.0880926180 109438.8974261225
113598.0345256665 109833.8892993697
113762.9809587150 109570.5613838716
113433.0880926180 109833.8892993697
113433.0880926180 109702.2253416207
113268.1416595695 109833.8892993697
113268.1416595695 109702.2253416207

136195.6958533118 125106.9083982620
136030.7494202633 125501.9002715092
136030.7494202633 125106.9083982620
136030.7494202633 124975.2444405129
135865.8029872148 125238.5723560111
135206.0172550208 123790.2688207713
135700.8565541663 125238.5723560111
135700.8565541663 124843.5804827639
135535.9101211178 125106.9083982620
135865.8029872148 125633.5642292583
135535.9101211178 124843.5804827639
135535.9101211178 124580.2525672657
135370.9636880693 124843.5804827639
135370.9636880693 124711.9165250148
135370.9636880693 124448.5886095167
135370.9636880693 124185.2606940185
135206.0172550208 124843.5804827639
134876.1243889238 124053.5967362695
135041.0708219723 124448.5886095167
135041.0708219723 124316.9246517676
134711.1779558753 123921.9327785204
134876.1243889238 124448.5886095167
134876.1243889238 124185.2606940185
134876.1243889238 124316.9246517676
134546.2315228268 123790.2688207713
134546.2315228268 123658.6048630222
113268.1416595695 109570.5613838716
113268.1416595695 109702.2253416207
113268.1416595695 109833.8892993697
113268.1416595695 109965.5532571188
113433.0880926180 109702.2253416207
113433.0880926180 109833.8892993697
113598.0345256665 109833.8892993697
113762.9809587150 109570.5613838716

136195.6958533118 125106.9083982620
136030.7494202633 125501.9002715092
136030.7494202633 125106.9083982620
136030.7494202633 124975.2444405129
135865.8029872148 125238.5723560111
135206.0172550208 123790.2688207713
135700.8565541663 125238.5723560111
135700.8565541663 124843.5804827639
135535.9101211178 125106.9083982620
135535.9101211178 124975.2444405129
135535.9101211178 124843.5804827639
135535.9101211178 124580.2525672657
135370.9636880693 124843.5804827639
135370.9636880693 124711.9165250148
135370.9636880693 124448.5886095167
135370.9636880693 124185.2606940185
135206.0172550208 124843.5804827639
134876.1243889238 124053.5967362695
135041.0708219723 124448.5886095167
135041.0708219723 124316.9246517676
134711.1779558753 123921.9327785204
135041.0708219723 123790.2688207713
134876.1243889238 124185.2606940185
134876.1243889238 124316.9246517676
134546.2315228268 123790.2688207713
134546.2315228268 123658.6048630222
113268.1416595695 109570.5613838716
113268.1416595695 109702.2253416207
113268.1416595695 109833.8892993697
113268.1416595695 109965.5532571188
113433.0880926180 109702.2253416207
113433.0880926180 109833.8892993697
113598.0345256665 109833.8892993697
113762.9809587150 109570.5613838716

134546.2315228268 123658.6048630222
134546.2315228268 123790.2688207713
134546.2315228268 124053.5967362695
134711.1779558753 123658.6048630222
134711.1779558753 123790.2688207713
134711.1779558753 123921.9327785204
134711.1779558753 124711.9165250148
134876.1243889238 124316.9246517676
134876.1243889238 124448.5886095167
135041.0708219723 123658.6048630222
135041.0708219723 124053.5967362695
135041.0708219723 124448.5886095167
135370.9636880693 124711.9165250148
135370.9636880693 125370.2363137602
135370.9636880693 125501.9002715092
135535.9101211178 124316.9246517676
135535.9101211178 125106.9083982620
135700.8565541663 124843.5804827639
135700.8565541663 125238.5723560111
135865.8029872148 125106.9083982620
135865.8029872148 125238.5723560111
135865.8029872148 125370.2363137602
136030.7494202633 124975.2444405129
136030.7494202633 125370.2363137602
136195.6958533118 125106.9083982620
136195.6958533118 125633.5642292583
113268.1416595695 109702.2253416207
113268.1416595695 109833.8892993697
113268.1416595695 109965.5532571188
113433.0880926180 109702.2253416207
113433.0880926180 109833.8892993697
113598.0345256665 109570.5613838716
113598.0345256665 109833.8892993697
117061.9096196851 105357.3147359013

136195.6958533118 125633.5642292583
136195.6958533118 125106.9083982620
136030.7494202633 125370.2363137602
136030.7494202633 124975.2444405129
135865.8029872148 125370.2363137602
135865.8029872148 125238.5723560111
135865.8029872148 125106.9083982620
135700.8565541663 125238.5723560111
135700.8565541663 124843.5804827639
135535.9101211178 125106.9083982620
135535.9101211178 124316.9246517676
135370.9636880693 125501.9002715092
135370.9636880693 125370.2363137602
135370.9636880693 124711.9165250148
135041.0708219723 124448.5886095167
135041.0708219723 124053.5967362695
135041.0708219723 123658.6048630222
134876.1243889238 124448.5886095167
134876.1243889238 124316.9246517676
134711.1779558753 124711.9165250148
134711.1779558753 123921.9327785204
134711.1779558753 123790.2688207713
134711.1779558753 123658.6048630222
134546.2315228268 124053.5967362695
134546.2315228268 123790.2688207713
134546.2315228268 123658.6048630222
113268.1416595695 109702.2253416207
113268.1416595695 109833.8892993697
113268.1416595695 109965.5532571188
113598.0345256665 109833.8892993697
113598.0345256665 109570.5613838716
113433.0880926180 109833.8892993697
113433.0880926180 109702.2253416207
113268.1416595695 109570.5613838716

134381.2850897782 123263.6129897750
134381.2850897782 123658.6048630222
134381.2850897782 124053.5967362695
134546.2315228268 124185.2606940185
134711.1779558753 123131.9490320260
134711.1779558753 123526.9409052732
134711.1779558753 123921.9327785204
134876.1243889238 122868.6211165278
138010.1066168454 121551.9815390371
136690.5351524574 124711.9165250148
136360.6422863603 124843.5804827639
136195.6958533118 125106.9083982620
136030.7494202633 125896.8921447564
136030.7494202633 125501.9002715092
136030.7494202633 125370.2363137602
135865.8029872148 124975.2444405129
135700.8565541663 126028.5561025055
135700.8565541663 125238.5723560111
135370.9636880693 123921.9327785204
135206.0172550208 125370.2363137602
135206.0172550208 124975.2444405129
135206.0172550208 124185.2606940185
135041.0708219723 124448.5886095167
135041.0708219723 124053.5967362695
135041.0708219723 123658.6048630222
134876.1243889238 124448.5886095167
113268.1416595695 109702.2253416207
113268.1416595695 109833.8892993697
113268.1416595695 109965.5532571188
113433.0880926180 109438.8974261225
113598.0345256665 109833.8892993697
113762.9809587150 109307.2334683735
113927.9273917635 109702.2253416207
117061.9096196851 105357.3147359013

136195.6958533118 125633.5642292583
136195.6958533118 125106.9083982620
136030.7494202633 125501.9002715092
136030.7494202633 125370.2363137602
135865.8029872148 125238.5723560111
135865.8029872148 124843.5804827639
135700.8565541663 125238.5723560111
135535.9101211178 125106.9083982620
135535.9101211178 124975.2444405129
135370.9636880693 124711.9165250148
135370.9636880693 124580.2525672657
135206.0172550208 124580.2525672657
135041.0708219723 124448.5886095167
135041.0708219723 124053.5967362695
135041.0708219723 123658.6048630222
134876.1243889238 124843.5804827639
134876.1243889238 124448.5886095167
134876.1243889238 124316.9246517676
134876.1243889238 124185.2606940185
134876.1243889238 123526.9409052732
134711.1779558753 123921.9327785204
134711.1779558753 123790.2688207713
134711.1779558753 123658.6048630222
134546.2315228268 124053.5967362695
134546.2315228268 123790.2688207713
134546.2315228268 123658.6048630222
113268.1416595695 109570.5613838716
113268.1416595695 109702.2253416207
113268.1416595695 109833.8892993697
113268.1416595695 109965.5532571188
113433.0880926180 109702.2253416207
113433.0880926180 109833.8892993697
113598.0345256665 109570.5613838716
113598.0345256665 109833.8892993697

134051.3922236813 124316.9246517676
138504.9459159909 122473.6292432806
138339.9994829424 122078.6373700334
138175.0530498939 122605.2932010297
138010.1066168454 122868.6211165278
138010.1066168454 121551.9815390371
137845.1601837969 123131.9490320260
137515.2673176999 120893.6617502917
136690.5351524574 120103.6780037973
136525.5887194088 125370.2363137602
136360.6422863603 124843.5804827639
136030.7494202633 125896.8921447564
135700.8565541663 126028.5561025055
135700.8565541663 125238.5723560111
135535.9101211178 122341.9652855315
135206.0172550208 122605.2932010297
135041.0708219723 126028.5561025055
135041.0708219723 123263.6129897750
134876.1243889238 126291.8840180037
134876.1243889238 122868.6211165278
134711.1779558753 126686.8758912509
134381.2850897782 123263.6129897750
134216.3386567298 124711.9165250148
134051.3922236813 123526.9409052732
133886.4457906327 123790.2688207713
133061.7136253902 115758.7673980780
113268.1416595695 109965.5532571188
117061.9096196851 105357.3147359013
116896.9631866366 105620.6426513995
114257.8202578605 108912.2415951262
114092.8738248120 109175.5695106244
113762.9809587150 109307.2334683735
113598.0345256665 109833.8892993697
113433.0880926180 109438.8974261225

132072.0350270992 126028.5561025055
132731.8207592932 126950.2038067490
133061.7136253902 115758.7673980780
133886.4457906327 116812.0790600705
134381.2850897782 123263.6129897750
134381.2850897782 126818.5398489999
134711.1779558753 126686.8758912509
134876.1243889238 122868.6211165278
134876.1243889238 126291.8840180037
135041.0708219723 123263.6129897750
135041.0708219723 126028.5561025055
135206.0172550208 122605.2932010297
135535.9101211178 122341.9652855315
135700.8565541663 125238.5723560111
135700.8565541663 126028.5561025055
136030.7494202633 125896.8921447564
136360.6422863603 124843.5804827639
136525.5887194088 125370.2363137602
136690.5351524574 120103.6780037973
137515.2673176999 120893.6617502917
137845.1601837969 123131.9490320260
138010.1066168454 121551.9815390371
138010.1066168454 122868.6211165278
138175.0530498939 122605.2932010297
138339.9994829424 122078.6373700334
138504.9459159909 122473.6292432806
113598.0345256665 100617.4122569347
115907.2845883456 104698.9949471560
115412.4452892001 103645.6832851634
115082.5524231030 103119.0274541671
114422.7666909090 102065.7157921745
114257.8202578605 102329.0437076727
114092.8738248120 101539.0599611782
113927.9273917635 101144.0680879310

132072.0350270992 126028.5561025055
138504.9459159909 122473.6292432806
138339.9994829424 122078.6373700334
138175.0530498939 122605.2932010297
138010.1066168454 122868.6211165278
138010.1066168454 121551.9815390371
137845.1601837969 123131.9490320260
137515.2673176999 120893.6617502917
136690.5351524574 120103.6780037973
136525.5887194088 125370.2363137602
136030.7494202633 125896.8921447564
135700.8565541663 126028.5561025055
135700.8565541663 125238.5723560111
135535.9101211178 122341.9652855315
135206.0172550208 122605.2932010297
135041.0708219723 126028.5561025055
135041.0708219723 123263.6129897750
134876.1243889238 126291.8840180037
134876.1243889238 122868.6211165278
134711.1779558753 126686.8758912509
134381.2850897782 126818.5398489999
134381.2850897782 123263.6129897750
134216.3386567298 123526.9409052732
133886.4457906327 116943.7430178196
133886.4457906327 116548.7511445724
133061.7136253902 115758.7673980780
113598.0345256665 100617.4122569347
113762.9809587150 111545.5207501077
114257.8202578605 102329.0437076727
114257.8202578605 108912.2415951262
114422.7666909090 102065.7157921745
115082.5524231030 103119.0274541671
115247.4988561515 103514.0193274143
115907.2845883456 104698.9949471560

134051.3922236813 124316.9246517676
134381.2850897782 123263.6129897750
134381.2850897782 123658.6048630222
134381.2850897782 124053.5967362695
134711.1779558753 123131.9490320260
134711.1779558753 123526.9409052732
134711.1779558753 123921.9327785204
138504.9459159909 122210.3013277825
138010.1066168454 121551.9815390371
136360.6422863603 124843.5804827639
136195.6958533118 125106.9083982620
136030.7494202633 125896.8921447564
136030.7494202633 125501.9002715092
136030.7494202633 125370.2363137602
135865.8029872148 124975.2444405129
135700.8565541663 126028.5561025055
135700.8565541663 125238.5723560111
135370.9636880693 123921.9327785204
135206.0172550208 125370.2363137602
135206.0172550208 124975.2444405129
135206.0172550208 124580.2525672657
135206.0172550208 124185.2606940185
135041.0708219723 124448.5886095167
135041.0708219723 124053.5967362695
135041.0708219723 123658.6048630222
134876.1243889238 124448.5886095167
113268.1416595695 109702.2253416207
113268.1416595695 109833.8892993697
113268.1416595695 109965.5532571188
113433.0880926180 109438.8974261225
117061.9096196851 105357.3147359013
113927.9273917635 109702.2253416207
113762.9809587150 109307.2334683735
113598.0345256665 109833.8892993697

134051.3922236813 124316.9246517676
138504.9459159909 122473.6292432806
138339.9994829424 122078.6373700334
138175.0530498939 122605.2932010297
138010.1066168454 121551.9815390371
137515.2673176999 120893.6617502917
136525.5887194088 125370.2363137602
136525.5887194088 124580.2525672657
136360.6422863603 124843.5804827639
136030.7494202633 125896.8921447564
135700.8565541663 126028.5561025055
135700.8565541663 125238.5723560111
135700.8565541663 123658.6048630222
135535.9101211178 124843.5804827639
135370.9636880693 126160.2200602546
135370.9636880693 124316.9246517676
135370.9636880693 122736.9571587787
135206.0172550208 125370.2363137602
135206.0172550208 124975.2444405129
135041.0708219723 123658.6048630222
134876.1243889238 122868.6211165278
134711.1779558753 123921.9327785204
134711.1779558753 123131.9490320260
134381.2850897782 124053.5967362695
134381.2850897782 123658.6048630222
134381.2850897782 123263.6129897750
113268.1416595695 109965.5532571188
113433.0880926180 109438.8974261225
113598.0345256665 109833.8892993697
113762.9809587150 109307.2334683735
117061.9096196851 105357.3147359013
116896.9631866366 105620.6426513995
113927.9273917635 109702.2253416207
113268.1416595695 109833.8892993697

138504.9459159909 122473.6292432806
138339.9994829424 122078.6373700334
138175.0530498939 122605.2932010297
138010.1066168454 121551.9815390371
137515.2673176999 120893.6617502917
136525.5887194088 125370.2363137602
136525.5887194088 124580.2525672657
136360.6422863603 124843.5804827639
136030.7494202633 125896.8921447564
135700.8565541663 126028.5561025055
135700.8565541663 125238.5723560111
135700.8565541663 123658.6048630222
135535.9101211178 124843.5804827639
135370.9636880693 126160.2200602546
135370.9636880693 124316.9246517676
135370.9636880693 122736.9571587787
135206.0172550208 125370.2363137602
135206.0172550208 124975.2444405129
135041.0708219723 123658.6048630222
134876.1243889238 122868.6211165278
134711.1779558753 123921.9327785204
134711.1779558753 123131.9490320260
134381.2850897782 124053.5967362695
134381.2850897782 123658.6048630222
134381.2850897782 123263.6129897750
134051.3922236813 124316.9246517676
113268.1416595695 109833.8892993697
113268.1416595695 109965.5532571188
113433.0880926180 109438.8974261225
113598.0345256665 109833.8892993697
113762.9809587150 109307.2334683735
114092.8738248120 109175.5695106244
117061.9096196851 105357.3147359013
116896.9631866366 105620.6426513995

132072.0350270992 126028.5561025055
132731.8207592932 126950.2038067490
133061.7136253902 115758.7673980780
133886.4457906327 116812.0790600705
134381.2850897782 123263.6129897750
134381.2850897782 126818.5398489999
134711.1779558753 126686.8758912509
134876.1243889238 122868.6211165278
134876.1243889238 126291.8840180037
135041.0708219723 123263.6129897750
135041.0708219723 126028.5561025055
135206.0172550208 122605.2932010297
135535.9101211178 122341.9652855315
135700.8565541663 125238.5723560111
135700.8565541663 126028.5561025055
136030.7494202633 125896.8921447564
136360.6422863603 124843.5804827639
136525.5887194088 125370.2363137602
136690.5351524574 120103.6780037973
137515.2673176999 120893.6617502917
137845.1601837969 123131.9490320260
138010.1066168454 121551.9815390371
138010.1066168454 122868.6211165278
138504.9459159909 122473.6292432806
138339.9994829424 122078.6373700334
138175.0530498939 122605.2932010297
113598.0345256665 100617.4122569347
113762.9809587150 111545.5207501077
114257.8202578605 108912.2415951262
115907.2845883456 104698.9949471560
115247.4988561515 103514.0193274143
115082.5524231030 103119.0274541671
114422.7666909090 102065.7157921745
114257.8202578605 102329.0437076727

136195.6958533118 125106.9083982620
136030.7494202633 125501.9002715092
136030.7494202633 125106.9083982620
136030.7494202633 124975.2444405129
135865.8029872148 125238.5723560111
135865.8029872148 125106.9083982620
135700.8565541663 125238.5723560111
135700.8565541663 124843.5804827639
135535.9101211178 125106.9083982620
135535.9101211178 124975.2444405129
135535.9101211178 124843.5804827639
135535.9101211178 124580.2525672657
135370.9636880693 124843.5804827639
135370.9636880693 124711.9165250148
135370.9636880693 124448.5886095167
135370.9636880693 124185.2606940185
135206.0172550208 124843.5804827639
134876.1243889238 124053.5967362695
135041.0708219723 124448.5886095167
135041.0708219723 124316.9246517676
134711.1779558753 123921.9327785204
134876.1243889238 124448.5886095167
134876.1243889238 124185.2606940185
134876.1243889238 124316.9246517676
134546.2315228268 123790.2688207713
134546.2315228268 123658.6048630222
113268.1416595695 109570.5613838716
113268.1416595695 109702.2253416207
113268.1416595695 109833.8892993697
113268.1416595695 109965.5532571188
113433.0880926180 109702.2253416207
113433.0880926180 109833.8892993697
113598.0345256665 109833.8892993697
113762.9809587150 109570.5613838716

136195.6958533118 125633.5642292583
136195.6958533118 125106.9083982620
136030.7494202633 125501.9002715092
135865.8029872148 125238.5723560111
135865.8029872148 124843.5804827639
135700.8565541663 125238.5723560111
135535.9101211178 125106.9083982620
135535.9101211178 124975.2444405129
135370.9636880693 124711.9165250148
135370.9636880693 124580.2525672657
135206.0172550208 124580.2525672657
135206.0172550208 124185.2606940185
135041.0708219723 124448.5886095167
135041.0708219723 124053.5967362695
135041.0708219723 123658.6048630222
134876.1243889238 124843.5804827639
134876.1243889238 124448.5886095167
134876.1243889238 124316.9246517676
134876.1243889238 124185.2606940185
134876.1243889238 123526.9409052732
134711.1779558753 123921.9327785204
134711.1779558753 123790.2688207713
134711.1779558753 123658.6048630222
134546.2315228268 124053.5967362695
134546.2315228268 123790.2688207713
134546.2315228268 123658.6048630222
113268.1416595695 109570.5613838716
113268.1416595695 109702.2253416207
113268.1416595695 109833.8892993697
113268.1416595695 109965.5532571188
113433.0880926180 109702.2253416207
113433.0880926180 109833.8892993697
113598.0345256665 109833.8892993697
113762.9809587150 109570.5613838716

134051.3922236813 124316.9246517676
134216.3386567298 122868.6211165278
134216.3386567298 124711.9165250148
134381.2850897782 123263.6129897750
134381.2850897782 123658.6048630222
134381.2850897782 124053.5967362695
138504.9459159909 122473.6292432806
138339.9994829424 122078.6373700334
138175.0530498939 122605.2932010297
138010.1066168454 121551.9815390371
137515.2673176999 120893.6617502917
136525.5887194088 125370.2363137602
136525.5887194088 124580.2525672657
136360.6422863603 124843.5804827639
136030.7494202633 125896.8921447564
135700.8565541663 126028.5561025055
135700.8565541663 125238.5723560111
135700.8565541663 123658.6048630222
135535.9101211178 124843.5804827639
135370.9636880693 126160.2200602546
135370.9636880693 124316.9246517676
135370.9636880693 122736.9571587787
135206.0172550208 125370.2363137602
135206.0172550208 124975.2444405129
135041.0708219723 123658.6048630222
134876.1243889238 122868.6211165278
113268.1416595695 109965.5532571188
117061.9096196851 105357.3147359013
116896.9631866366 105620.6426513995
114092.8738248120 109175.5695106244
113762.9809587150 109307.2334683735
113598.0345256665 109833.8892993697
113433.0880926180 109438.8974261225
113268.1416595695 109833.8892993697

136195.6958533118 125106.9083982620
136030.7494202633 125501.9002715092
136030.7494202633 125106.9083982620
136030.7494202633 124975.2444405129
135865.8029872148 125238.5723560111
135865.8029872148 125106.9083982620
135700.8565541663 125238.5723560111
135700.8565541663 124843.5804827639
135535.9101211178 125106.9083982620
135535.9101211178 124975.2444405129
135535.9101211178 124843.5804827639
135535.9101211178 124580.2525672657
135370.9636880693 124843.5804827639
135370.9636880693 124711.9165250148
135370.9636880693 124448.5886095167
135370.9636880693 124185.2606940185
135206.0172550208 124843.5804827639
135865.8029872148 125370.2363137602
135041.0708219723 124448.5886095167
135041.0708219723 124316.9246517676
134711.1779558753 123921.9327785204
134876.1243889238 124448.5886095167
134876.1243889238 124185.2606940185
134876.1243889238 124316.9246517676
134546.2315228268 123790.2688207713
134546.2315228268 123658.6048630222
113268.1416595695 109570.5613838716
113268.1416595695 109702.2253416207
113268.1416595695 109833.8892993697
113268.1416595695 109965.5532571188
113433.0880926180 109702.2253416207
113433.0880926180 109833.8892993697
113598.0345256665 109833.8892993697
113762.9809587150 109570.5613838716

130257.6242635656 131690.1062857156
130422.5706966141 131163.4504547193
130917.4099957596 129451.8190039814
131247.3028618566 128793.4992152360
131577.1957279537 130636.7946237230
131742.1421610021 128003.5154687416
131742.1421610021 129451.8190039814
131907.0885940507 128398.5073419888
132566.8743262447 127871.8515109925
132731.8207592932 129320.1550462323
138504.9459159909 122473.6292432806
138339.9994829424 122078.6373700334
138175.0530498939 122605.2932010297
138010.1066168454 122868.6211165278
130092.6778305171 132085.0981589628
137515.2673176999 120893.6617502917
136690.5351524574 124580.2525672657
137680.2137507484 123395.2769475241
135370.9636880693 123131.9490320260
131247.3028618566 130900.1225392212
134216.3386567298 127871.8515109925
133721.4993575842 123658.6048630222
135700.8565541663 123658.6048630222
135700.8565541663 122605.2932010297
137350.3208846514 123921.9327785204
132236.9814601477 127081.8677644981
113598.0345256665 100617.4122569347
113927.9273917635 101144.0680879310
114092.8738248120 101539.0599611782
114257.8202578605 102329.0437076727
114422.7666909090 102065.7157921745
115082.5524231030 103119.0274541671
115247.4988561515 103514.0193274143
115907.2845883456 104698.9949471560

134546.2315228268 123658.6048630222
134546.2315228268 123790.2688207713
134546.2315228268 124053.5967362695
134711.1779558753 123658.6048630222
134711.1779558753 123790.2688207713
134711.1779558753 123921.9327785204
134876.1243889238 123526.9409052732
134876.1243889238 124185.2606940185
134876.1243889238 124316.9246517676
134876.1243889238 124448.5886095167
134876.1243889238 124843.5804827639
135041.0708219723 123658.6048630222
135041.0708219723 124053.5967362695
135041.0708219723 124448.5886095167
135206.0172550208 124580.2525672657
135370.9636880693 124580.2525672657
135370.9636880693 124711.9165250148
135535.9101211178 124975.2444405129
135535.9101211178 125106.9083982620
135700.8565541663 125238.5723560111
135865.8029872148 124843.5804827639
135865.8029872148 125238.5723560111
136030.7494202633 125370.2363137602
136030.7494202633 125501.9002715092
136195.6958533118 125106.9083982620
135700.8565541663 125633.5642292583
113268.1416595695 109570.5613838716
113268.1416595695 109702.2253416207
113268.1416595695 109833.8892993697
113268.1416595695 109965.5532571188
113433.0880926180 109438.8974261225
113433.0880926180 109702.2253416207
113598.0345256665 109438.8974261225
113598.0345256665 109833.8892993697

132072.0350270992 126028.5561025055
133061.7136253902 115758.7673980780
133886.4457906327 116548.7511445724
133886.4457906327 116943.7430178196
134381.2850897782 123263.6129897750
134381.2850897782 126818.5398489999
134711.1779558753 126686.8758912509
134876.1243889238 122868.6211165278
134876.1243889238 126291.8840180037
135041.0708219723 123263.6129897750
135041.0708219723 126028.5561025055
135206.0172550208 122605.2932010297
135535.9101211178 122341.9652855315
135535.9101211178 124711.9165250148
135700.8565541663 125238.5723560111
135700.8565541663 126028.5561025055
138504.9459159909 122473.6292432806
138339.9994829424 122078.6373700334
138175.0530498939 122605.2932010297
138010.1066168454 122868.6211165278
138010.1066168454 121551.9815390371
137845.1601837969 123131.9490320260
137515.2673176999 120893.6617502917
136690.5351524574 120103.6780037973
136360.6422863603 124843.5804827639
136030.7494202633 125896.8921447564
113268.1416595695 109965.5532571188
113433.0880926180 109438.8974261225
113598.0345256665 109833.8892993697
113762.9809587150 109307.2334683735
113762.9809587150 111545.5207501077
117061.9096196851 105357.3147359013
116896.9631866366 105620.6426513995
114257.8202578605 108912.2415951262

138010.1066168454 121551.9815390371
136360.6422863603 124843.5804827639
136195.6958533118 125106.9083982620
136030.7494202633 125896.8921447564
136030.7494202633 125501.9002715092
136030.7494202633 125370.2363137602
135865.8029872148 124975.2444405129
135700.8565541663 126028.5561025055
135700.8565541663 125238.5723560111
135370.9636880693 123921.9327785204
135206.0172550208 125370.2363137602
135206.0172550208 124975.2444405129
135206.0172550208 124580.2525672657
135206.0172550208 124185.2606940185
135041.0708219723 124448.5886095167
135041.0708219723 124053.5967362695
135041.0708219723 123658.6048630222
134876.1243889238 124448.5886095167
134876.1243889238 124316.9246517676
134711.1779558753 124711.9165250148
134711.1779558753 123921.9327785204
134711.1779558753 123790.2688207713
134711.1779558753 123131.9490320260
134546.2315228268 124185.2606940185
134381.2850897782 123658.6048630222
134381.2850897782 123263.6129897750
113268.1416595695 109702.2253416207
113268.1416595695 109833.8892993697
113268.1416595695 109965.5532571188
113433.0880926180 109438.8974261225
113598.0345256665 109833.8892993697
117061.9096196851 105357.3147359013
113927.9273917635 109702.2253416207
113762.9809587150 109307.2334683735

134381.2850897782 123263.6129897750
134381.2850897782 123658.6048630222
134381.2850897782 124053.5967362695
134546.2315228268 124185.2606940185
134711.1779558753 123131.9490320260
134711.1779558753 123921.9327785204
134876.1243889238 124316.9246517676
134876.1243889238 124448.5886095167
134876.1243889238 124843.5804827639
135041.0708219723 123658.6048630222
135041.0708219723 124053.5967362695
135206.0172550208 124185.2606940185
135206.0172550208 124580.2525672657
135206.0172550208 124975.2444405129
136195.6958533118 125633.5642292583
136195.6958533118 125106.9083982620
136030.7494202633 125370.2363137602
136030.7494202633 124975.2444405129
136030.7494202633 124316.9246517676
135865.8029872148 125765.2281870074
135865.8029872148 124580.2525672657
135700.8565541663 126028.5561025055
135700.8565541663 125238.5723560111
135700.8565541663 124843.5804827639
135700.8565541663 124448.5886095167
135535.9101211178 125106.9083982620
113268.1416595695 109702.2253416207
113268.1416595695 109833.8892993697
113268.1416595695 109965.5532571188
113433.0880926180 109438.8974261225
113598.0345256665 109833.8892993697
113762.9809587150 109307.2334683735
113927.9273917635 109702.2253416207
117061.9096196851 105357.3147359013

134051.3922236813 124316.9246517676
134381.2850897782 123263.6129897750
134381.2850897782 123658.6048630222
134381.2850897782 124053.5967362695
134711.1779558753 123131.9490320260
134711.1779558753 123921.9327785204
134876.1243889238 122868.6211165278
135041.0708219723 123658.6048630222
135206.0172550208 124975.2444405129
135206.0172550208 125370.2363137602
135370.9636880693 122736.9571587787
135370.9636880693 124316.9246517676
135370.9636880693 126160.2200602546
135535.9101211178 124843.5804827639
135700.8565541663 123658.6048630222
135700.8565541663 125238.5723560111
135700.8565541663 126028.5561025055
136030.7494202633 125896.8921447564
136360.6422863603 124843.5804827639
136525.5887194088 124580.2525672657
136525.5887194088 125370.2363137602
138504.9459159909 122473.6292432806
138339.9994829424 122078.6373700334
138010.1066168454 121551.9815390371
137515.2673176999 120893.6617502917
135206.0172550208 124580.2525672657
113268.1416595695 109965.5532571188
113433.0880926180 109438.8974261225
117061.9096196851 105357.3147359013
116896.9631866366 105620.6426513995
113927.9273917635 109702.2253416207
113762.9809587150 109307.2334683735
113598.0345256665 109833.8892993697
113268.1416595695 109833.8892993697

134051.3922236813 124316.9246517676
134381.2850897782 123263.6129897750
134381.2850897782 123658.6048630222
134381.2850897782 124053.5967362695
134711.1779558753 123131.9490320260
134711.1779558753 123526.9409052732
134711.1779558753 123921.9327785204
134876.1243889238 122868.6211165278
135041.0708219723 123658.6048630222
138504.9459159909 122473.6292432806
138339.9994829424 122078.6373700334
138175.0530498939 122605.2932010297
138010.1066168454 121551.9815390371
137515.2673176999 120893.6617502917
136525.5887194088 125370.2363137602
136525.5887194088 124580.2525672657
136360.6422863603 124843.5804827639
136030.7494202633 125896.8921447564
135700.8565541663 126028.5561025055
135700.8565541663 125238.5723560111
135535.9101211178 124843.5804827639
135370.9636880693 126160.2200602546
135370.9636880693 124316.9246517676
135206.0172550208 125370.2363137602
135206.0172550208 124975.2444405129
135206.0172550208 124580.2525672657
113268.1416595695 109833.8892993697
113268.1416595695 109965.5532571188
113433.0880926180 109438.8974261225
113598.0345256665 109833.8892993697
113762.9809587150 109307.2334683735
113927.9273917635 109702.2253416207
117061.9096196851 105357.3147359013
116896.9631866366 105620.6426513995

134051.3922236813 124316.9246517676
134381.2850897782 123263.6129897750
134381.2850897782 123658.6048630222
134381.2850897782 124053.5967362695
134711.1779558753 123131.9490320260
134711.1779558753 123526.9409052732
134711.1779558753 123921.9327785204
134876.1243889238 122868.6211165278
134876.1243889238 124316.9246517676
135041.0708219723 123658.6048630222
135206.0172550208 124580.2525672657
135206.0172550208 124975.2444405129
135206.0172550208 125370.2363137602
138010.1066168454 121551.9815390371
136360.6422863603 124843.5804827639
136195.6958533118 125106.9083982620
136030.7494202633 125896.8921447564
136030.7494202633 125501.9002715092
136030.7494202633 125370.2363137602
136030.7494202633 124975.2444405129
135700.8565541663 126028.5561025055
135700.8565541663 125238.5723560111
135700.8565541663 124448.5886095167
135370.9636880693 123921.9327785204
135206.0172550208 124185.2606940185
135041.0708219723 124448.5886095167
113268.1416595695 109702.2253416207
113268.1416595695 109833.8892993697
113268.1416595695 109965.5532571188
113433.0880926180 109438.8974261225
117061.9096196851 105357.3147359013
116896.9631866366 105620.6426513995
113762.9809587150 109307.2334683735
113598.0345256665 109833.8892993697

136195.6958533118 125633.5642292583
136195.6958533118 125106.9083982620
136030.7494202633 125501.9002715092
136030.7494202633 125370.2363137602
135865.8029872148 125238.5723560111
135865.8029872148 124843.5804827639
135700.8565541663 125238.5723560111
135535.9101211178 125106.9083982620
135535.9101211178 124975.2444405129
135370.9636880693 124711.9165250148
135370.9636880693 124580.2525672657
135206.0172550208 124580.2525672657
135041.0708219723 124448.5886095167
135041.0708219723 124053.5967362695
135041.0708219723 123658.6048630222
134876.1243889238 124843.5804827639
134876.1243889238 124448.5886095167
134876.1243889238 124316.9246517676
134876.1243889238 124185.2606940185
134876.1243889238 123526.9409052732
134711.1779558753 123921.9327785204
134711.1779558753 123790.2688207713
134711.1779558753 123658.6048630222
134546.2315228268 124053.5967362695
134546.2315228268 123790.2688207713
134546.2315228268 123658.6048630222
113268.1416595695 109702.2253416207
113268.1416595695 109833.8892993697
113268.1416595695 109965.5532571188
113433.0880926180 109438.8974261225
113433.0880926180 109702.2253416207
113433.0880926180 109833.8892993697
113598.0345256665 109833.8892993697
113762.9809587150 109570.5613838716

134381.2850897782 123263.6129897750
134381.2850897782 123658.6048630222
134381.2850897782 124053.5967362695
134546.2315228268 124185.2606940185
134711.1779558753 123131.9490320260
134711.1779558753 123790.2688207713
134711.1779558753 123921.9327785204
134876.1243889238 124316.9246517676
134876.1243889238 124448.5886095167
134876.1243889238 124843.5804827639
135041.0708219723 123658.6048630222
135041.0708219723 124053.5967362695
135206.0172550208 124580.2525672657
135206.0172550208 124975.2444405129
135535.9101211178 125106.9083982620
135700.8565541663 124448.5886095167
135700.8565541663 124843.5804827639
135700.8565541663 125238.5723560111
135700.8565541663 126028.5561025055
135865.8029872148 124580.2525672657
135865.8029872148 125765.2281870074
136030.7494202633 124316.9246517676
136030.7494202633 124975.2444405129
136030.7494202633 125370.2363137602
136195.6958533118 125106.9083982620
136195.6958533118 125633.5642292583
113268.1416595695 109570.5613838716
113268.1416595695 109702.2253416207
113268.1416595695 109833.8892993697
113268.1416595695 109965.5532571188
117061.9096196851 105357.3147359013
113927.9273917635 109702.2253416207
113762.9809587150 109307.2334683735
113598.0345256665 109833.8892993697

134051.3922236813 124316.9246517676
134216.3386567298 122868.6211165278
134381.2850897782 123263.6129897750
134381.2850897782 123658.6048630222
134381.2850897782 124053.5967362695
138504.9459159909 122473.6292432806
138339.9994829424 122078.6373700334
138175.0530498939 122605.2932010297
138010.1066168454 122868.6211165278
138010.1066168454 121551.9815390371
137845.1601837969 123131.9490320260
137515.2673176999 120893.6617502917
136690.5351524574 120103.6780037973
136525.5887194088 125370.2363137602
136360.6422863603 124843.5804827639
136030.7494202633 125896.8921447564
135700.8565541663 126028.5561025055
135700.8565541663 125238.5723560111
135700.8565541663 124843.5804827639
135700.8565541663 123658.6048630222
135700.8565541663 123000.2850742769
135535.9101211178 122341.9652855315
135041.0708219723 126028.5561025055
134876.1243889238 126291.8840180037
134876.1243889238 122868.6211165278
134216.3386567298 124711.9165250148
113268.1416595695 109965.5532571188
113433.0880926180 109438.8974261225
113598.0345256665 109833.8892993697
113762.9809587150 109307.2334683735
117061.9096196851 105357.3147359013
116896.9631866366 105620.6426513995
114257.8202578605 108912.2415951262
114092.8738248120 109175.5695106244

134051.3922236813 124316.9246517676
138504.9459159909 122473.6292432806
138339.9994829424 122078.6373700334
138175.0530498939 122605.2932010297
138010.1066168454 121551.9815390371
137515.2673176999 120893.6617502917
136525.5887194088 125370.2363137602
136525.5887194088 124580.2525672657
136360.6422863603 124843.5804827639
136030.7494202633 125896.8921447564
135700.8565541663 126028.5561025055
135700.8565541663 125238.5723560111
135700.8565541663 123658.6048630222
135535.9101211178 124843.5804827639
135370.9636880693 126160.2200602546
135370.9636880693 124316.9246517676
135370.9636880693 122736.9571587787
135206.0172550208 125370.2363137602
135206.0172550208 124975.2444405129
135041.0708219723 123658.6048630222
134876.1243889238 122868.6211165278
134711.1779558753 123921.9327785204
134711.1779558753 123131.9490320260
134381.2850897782 124053.5967362695
134381.2850897782 123658.6048630222
134381.2850897782 123263.6129897750
113268.1416595695 109833.8892993697
113268.1416595695 109965.5532571188
113433.0880926180 109438.8974261225
113598.0345256665 109833.8892993697
113762.9809587150 109307.2334683735
113927.9273917635 109702.2253416207
117061.9096196851 105357.3147359013
116896.9631866366 105620.6426513995

134051.3922236813 124316.9246517676
134381.2850897782 123263.6129897750
134381.2850897782 123658.6048630222
134381.2850897782 124053.5967362695
134546.2315228268 124185.2606940185
134546.2315228268 124580.2525672657
134711.1779558753 123131.9490320260
134711.1779558753 123921.9327785204
135041.0708219723 123658.6048630222
135206.0172550208 124185.2606940185
135206.0172550208 124580.2525672657
135206.0172550208 124975.2444405129
135206.0172550208 125370.2363137602
135370.9636880693 123921.9327785204
135700.8565541663 124448.5886095167
135700.8565541663 124843.5804827639
135700.8565541663 125238.5723560111
135700.8565541663 126028.5561025055
135865.8029872148 124580.2525672657
135865.8029872148 125765.2281870074
136030.7494202633 124316.9246517676
136030.7494202633 124975.2444405129
136030.7494202633 125370.2363137602
136030.7494202633 125896.8921447564
136195.6958533118 125106.9083982620
136195.6958533118 125633.5642292583
113268.1416595695 109702.2253416207
113268.1416595695 109833.8892993697
113268.1416595695 109965.5532571188
113433.0880926180 109438.8974261225
113598.0345256665 109833.8892993697
113762.9809587150 109307.2334683735
113927.9273917635 109702.2253416207
117061.9096196851 105357.3147359013

134381.2850897782 123263.6129897750
134381.2850897782 123658.6048630222
134381.2850897782 124053.5967362695
134546.2315228268 124185.2606940185
134711.1779558753 123131.9490320260
134711.1779558753 123790.2688207713
134711.1779558753 123921.9327785204
134876.1243889238 124316.9246517676
134876.1243889238 124448.5886095167
134876.1243889238 124843.5804827639
135041.0708219723 123658.6048630222
135041.0708219723 124053.5967362695
138010.1066168454 121551.9815390371
136360.6422863603 124843.5804827639
136195.6958533118 125106.9083982620
136030.7494202633 125896.8921447564
136030.7494202633 125501.9002715092
136030.7494202633 125370.2363137602
136030.7494202633 124975.2444405129
135700.8565541663 126028.5561025055
135700.8565541663 125238.5723560111
135700.8565541663 124448.5886095167
135370.9636880693 123921.9327785204
135206.0172550208 125370.2363137602
135206.0172550208 124975.2444405129
135206.0172550208 124580.2525672657
113268.1416595695 109702.2253416207
113268.1416595695 109833.8892993697
113268.1416595695 109965.5532571188
113433.0880926180 109438.8974261225
113598.0345256665 109833.8892993697
113762.9809587150 109307.2334683735
113927.9273917635 109702.2253416207
117061.9096196851 105357.3147359013

136195.6958533118 125106.9083982620
136030.7494202633 125501.9002715092
136030.7494202633 125106.9083982620
136030.7494202633 124975.2444405129
135865.8029872148 125238.5723560111
135865.8029872148 125106.9083982620
135700.8565541663 125238.5723560111
135700.8565541663 124843.5804827639
135535.9101211178 125106.9083982620
135535.9101211178 124975.2444405129
135535.9101211178 124843.5804827639
135535.9101211178 124580.2525672657
135370.9636880693 124975.2444405129
135370.9636880693 124711.9165250148
135370.9636880693 124448.5886095167
135370.9636880693 124185.2606940185
135206.0172550208 124843.5804827639
135865.8029872148 125501.9002715092
135041.0708219723 124448.5886095167
135041.0708219723 124316.9246517676
134711.1779558753 123921.9327785204
134876.1243889238 124448.5886095167
134876.1243889238 124185.2606940185
134876.1243889238 124316.9246517676
134546.2315228268 123790.2688207713
134546.2315228268 123658.6048630222
113268.1416595695 109570.5613838716
113268.1416595695 109702.2253416207
113268.1416595695 109833.8892993697
113268.1416595695 109965.5532571188
113433.0880926180 109702.2253416207
113433.0880926180 109833.8892993697
113598.0345256665 109833.8892993697
113762.9809587150 109570.5613838716

132072.0350270992 126028.5561025055
133886.4457906327 116548.7511445724
133886.4457906327 123395.2769475241
134381.2850897782 123263.6129897750
134381.2850897782 124053.5967362695
134381.2850897782 126818.5398489999
134711.1779558753 122736.9571587787
134711.1779558753 126686.8758912509
134876.1243889238 126423.5479757527
135041.0708219723 123263.6129897750
135041.0708219723 126028.5561025055
138504.9459159909 122473.6292432806
138339.9994829424 122078.6373700334
138175.0530498939 122605.2932010297
138010.1066168454 122868.6211165278
138010.1066168454 121551.9815390371
137845.1601837969 123131.9490320260
137515.2673176999 120893.6617502917
136690.5351524574 120103.6780037973
136525.5887194088 119708.6861305501
136360.6422863603 124843.5804827639
136030.7494202633 125896.8921447564
135700.8565541663 126028.5561025055
135700.8565541663 125238.5723560111
135535.9101211178 122341.9652855315
135206.0172550208 122605.2932010297
113433.0880926180 109438.8974261225
113598.0345256665 109833.8892993697
113762.9809587150 109307.2334683735
113762.9809587150 111545.5207501077
114257.8202578605 108912.2415951262
114587.7131239575 108648.9136796281
117061.9096196851 105357.3147359013
116896.9631866366 105620.6426513995

134381.2850897782 123263.6129897750
134381.2850897782 123658.6048630222
134381.2850897782 124053.5967362695
134546.2315228268 124185.2606940185
134711.1779558753 123131.9490320260
134711.1779558753 123526.9409052732
134711.1779558753 123921.9327785204
134876.1243889238 122868.6211165278
135041.0708219723 123658.6048630222
138010.1066168454 121551.9815390371
136360.6422863603 124843.5804827639
136195.6958533118 125106.9083982620
136030.7494202633 125896.8921447564
136030.7494202633 125501.9002715092
136030.7494202633 125370.2363137602
136030.7494202633 124975.2444405129
135700.8565541663 126028.5561025055
135700.8565541663 125238.5723560111
135700.8565541663 124448.5886095167
135370.9636880693 123921.9327785204
135206.0172550208 125370.2363137602
135206.0172550208 124975.2444405129
135206.0172550208 124580.2525672657
135206.0172550208 124185.2606940185
135041.0708219723 124448.5886095167
134546.2315228268 124580.2525672657
113268.1416595695 109702.2253416207
113268.1416595695 109833.8892993697
113268.1416595695 109965.5532571188
113433.0880926180 109438.8974261225
113598.0345256665 109833.8892993697
113762.9809587150 109307.2334683735
117061.9096196851 105357.3147359013
116896.9631866366 105620.6426513995

136195.6958533118 125106.9083982620
136030.7494202633 125501.9002715092
136030.7494202633 125106.9083982620
136030.7494202633 124975.2444405129
135865.8029872148 125370.2363137602
135865.8029872148 125238.5723560111
135865.8029872148 125106.9083982620
135700.8565541663 125238.5723560111
135700.8565541663 124843.5804827639
135535.9101211178 125106.9083982620
135535.9101211178 124975.2444405129
135535.9101211178 124843.5804827639
135535.9101211178 124580.2525672657
135370.9636880693 124975.2444405129
135370.9636880693 124711.9165250148
135370.9636880693 124448.5886095167
135370.9636880693 124185.2606940185
135206.0172550208 124843.5804827639
135041.0708219723 124448.5886095167
135041.0708219723 124316.9246517676
134876.1243889238 124448.5886095167
134876.1243889238 124316.9246517676
134876.1243889238 124185.2606940185
134711.1779558753 123921.9327785204
134546.2315228268 123790.2688207713
134546.2315228268 123658.6048630222
113268.1416595695 109702.2253416207
113268.1416595695 109833.8892993697
113268.1416595695 109965.5532571188
113762.9809587150 109570.5613838716
113598.0345256665 109833.8892993697
113433.0880926180 109833.8892993697
113433.0880926180 109702.2253416207
113268.1416595695 109570.5613838716

133226.6600584387 115758.7673980780
138504.9459159909 122473.6292432806
138339.9994829424 122078.6373700334
138175.0530498939 122605.2932010297
138010.1066168454 122868.6211165278
138010.1066168454 121551.9815390371
137845.1601837969 123131.9490320260
137515.2673176999 120893.6617502917
136690.5351524574 120103.6780037973
136525.5887194088 119708.6861305501
136360.6422863603 124843.5804827639
136030.7494202633 125896.8921447564
135700.8565541663 126028.5561025055
135700.8565541663 125238.5723560111
135535.9101211178 122341.9652855315
135206.0172550208 122605.2932010297
135041.0708219723 126028.5561025055
135041.0708219723 123263.6129897750
134876.1243889238 126291.8840180037
134876.1243889238 122868.6211165278
134711.1779558753 126686.8758912509
134381.2850897782 124053.5967362695
134381.2850897782 123263.6129897750
134216.3386567298 124711.9165250148
133886.4457906327 123395.2769475241
133886.4457906327 116548.7511445724
113268.1416595695 109965.5532571188
113433.0880926180 109438.8974261225
113598.0345256665 109833.8892993697
113762.9809587150 109307.2334683735
114092.8738248120 109175.5695106244
117061.9096196851 105357.3147359013
116896.9631866366 105620.6426513995
114257.8202578605 108912.2415951262

134051.3922236813 124316.9246517676
138504.9459159909 122473.6292432806
138339.9994829424 122078.6373700334
138175.0530498939 122605.2932010297
138010.1066168454 121551.9815390371
137515.2673176999 120893.6617502917
136525.5887194088 125370.2363137602
136525.5887194088 124580.2525672657
136360.6422863603 124843.5804827639
136030.7494202633 125896.8921447564
135700.8565541663 126028.5561025055
135700.8565541663 125238.5723560111
135700.8565541663 123658.6048630222
135535.9101211178 124843.5804827639
135370.9636880693 126160.2200602546
135370.9636880693 124316.9246517676
135370.9636880693 122736.9571587787
135206.0172550208 125370.2363137602
135206.0172550208 124975.2444405129
135041.0708219723 123658.6048630222
134876.1243889238 122868.6211165278
134711.1779558753 123921.9327785204
134711.1779558753 123131.9490320260
134381.2850897782 124053.5967362695
134381.2850897782 123658.6048630222
134381.2850897782 123263.6129897750
113268.1416595695 109965.5532571188
113433.0880926180 109438.8974261225
113598.0345256665 109833.8892993697
113762.9809587150 109307.2334683735
114092.8738248120 109175.5695106244
114257.8202578605 108912.2415951262
117061.9096196851 105357.3147359013
116896.9631866366 105620.6426513995

136360.6422863603 125501.9002715092
136195.6958533118 125106.9083982620
136030.7494202633 125501.9002715092
136030.7494202633 125370.2363137602
135865.8029872148 125238.5723560111
135865.8029872148 124843.5804827639
135700.8565541663 125238.5723560111
135535.9101211178 125106.9083982620
135535.9101211178 124975.2444405129
135370.9636880693 124711.9165250148
135370.9636880693 124580.2525672657
135206.0172550208 124580.2525672657
135041.0708219723 124448.5886095167
135041.0708219723 124053.5967362695
135041.0708219723 123658.6048630222
134876.1243889238 124843.5804827639
134876.1243889238 124448.5886095167
134876.1243889238 124316.9246517676
134876.1243889238 124185.2606940185
134876.1243889238 123526.9409052732
134711.1779558753 123921.9327785204
134711.1779558753 123790.2688207713
134711.1779558753 123658.6048630222
134546.2315228268 124053.5967362695
134546.2315228268 123790.2688207713
134546.2315228268 123658.6048630222
113268.1416595695 109570.5613838716
113268.1416595695 109702.2253416207
113268.1416595695 109833.8892993697
113268.1416595695 109965.5532571188
113433.0880926180 109702.2253416207
113433.0880926180 109833.8892993697
113598.0345256665 109833.8892993697
113762.9809587150 109570.5613838716

133226.6600584387 115758.7673980780
138504.9459159909 122473.6292432806
138339.9994829424 122078.6373700334
138175.0530498939 122605.2932010297
138010.1066168454 122868.6211165278
138010.1066168454 121551.9815390371
137845.1601837969 123131.9490320260
137515.2673176999 120893.6617502917
136690.5351524574 120103.6780037973
136525.5887194088 125370.2363137602
136360.6422863603 124843.5804827639
136030.7494202633 125896.8921447564
135700.8565541663 126028.5561025055
135700.8565541663 125238.5723560111
135535.9101211178 122341.9652855315
135206.0172550208 122605.2932010297
135041.0708219723 126028.5561025055
135041.0708219723 123263.6129897750
134876.1243889238 126291.8840180037
134876.1243889238 122868.6211165278
134711.1779558753 126686.8758912509
134381.2850897782 123263.6129897750
134216.3386567298 124711.9165250148
134051.3922236813 124316.9246517676
134051.3922236813 123526.9409052732
133886.4457906327 123790.2688207713
113268.1416595695 109965.5532571188
113433.0880926180 109438.8974261225
113598.0345256665 109833.8892993697
113762.9809587150 109307.2334683735
117061.9096196851 105357.3147359013
116896.9631866366 105620.6426513995
114257.8202578605 108912.2415951262
114092.8738248120 109175.5695106244

134381.2850897782 123263.6129897750
134381.2850897782 123658.6048630222
134381.2850897782 124053.5967362695
136195.6958533118 125633.5642292583
136195.6958533118 125106.9083982620
136030.7494202633 125501.9002715092
136030.7494202633 125106.9083982620
135865.8029872148 125765.2281870074
135865.8029872148 124580.2525672657
135700.8565541663 126028.5561025055
135700.8565541663 125238.5723560111
135700.8565541663 124843.5804827639
135700.8565541663 124448.5886095167
135535.9101211178 125633.5642292583
135535.9101211178 125106.9083982620
135206.0172550208 124975.2444405129
135206.0172550208 124580.2525672657
135041.0708219723 124053.5967362695
135041.0708219723 123658.6048630222
134876.1243889238 124843.5804827639
134876.1243889238 124448.5886095167
134876.1243889238 124316.9246517676
134711.1779558753 123921.9327785204
134711.1779558753 123790.2688207713
134711.1779558753 123131.9490320260
134546.2315228268 124185.2606940185
113268.1416595695 109570.5613838716
113268.1416595695 109702.2253416207
113268.1416595695 109833.8892993697
113268.1416595695 109965.5532571188
113433.0880926180 109702.2253416207
113433.0880926180 109833.8892993697
113598.0345256665 109833.8892993697
113598.0345256665 109438.8974261225

134546.2315228268 123658.6048630222
134546.2315228268 123790.2688207713
134546.2315228268 124185.2606940185
134711.1779558753 123790.2688207713
134711.1779558753 123921.9327785204
134876.1243889238 123526.9409052732
134876.1243889238 124185.2606940185
134876.1243889238 124316.9246517676
134876.1243889238 124448.5886095167
134876.1243889238 124843.5804827639
135041.0708219723 124053.5967362695
135206.0172550208 124053.5967362695
135206.0172550208 124580.2525672657
135370.9636880693 124711.9165250148
135370.9636880693 125370.2363137602
135370.9636880693 125501.9002715092
135535.9101211178 125106.9083982620
135700.8565541663 124711.9165250148
135700.8565541663 125238.5723560111
135865.8029872148 124448.5886095167
135865.8029872148 124843.5804827639
135865.8029872148 125106.9083982620
135865.8029872148 125238.5723560111
136030.7494202633 125501.9002715092
136195.6958533118 125106.9083982620
136195.6958533118 125633.5642292583
113268.1416595695 109570.5613838716
113268.1416595695 109702.2253416207
113268.1416595695 109833.8892993697
113268.1416595695 109965.5532571188
113433.0880926180 109702.2253416207
113433.0880926180 109833.8892993697
113598.0345256665 109438.8974261225
113598.0345256665 109833.8892993697

136195.6958533118 125633.5642292583
136195.6958533118 125106.9083982620
136030.7494202633 125501.9002715092
135865.8029872148 125238.5723560111
135865.8029872148 125106.9083982620
135865.8029872148 124843.5804827639
135865.8029872148 124448.5886095167
135700.8565541663 125238.5723560111
135700.8565541663 124711.9165250148
135041.0708219723 124448.5886095167
135370.9636880693 125501.9002715092
135370.9636880693 125370.2363137602
135370.9636880693 124711.9165250148
135206.0172550208 124580.2525672657
135206.0172550208 124053.5967362695
135041.0708219723 124053.5967362695
134876.1243889238 124843.5804827639
134876.1243889238 124448.5886095167
134876.1243889238 124316.9246517676
134876.1243889238 124185.2606940185
134876.1243889238 123526.9409052732
134711.1779558753 123921.9327785204
134711.1779558753 123790.2688207713
134711.1779558753 123658.6048630222
134546.2315228268 123790.2688207713
134546.2315228268 123658.6048630222
113268.1416595695 109570.5613838716
113268.1416595695 109702.2253416207
113268.1416595695 109833.8892993697
113268.1416595695 109965.5532571188
113433.0880926180 109702.2253416207
113433.0880926180 109833.8892993697
113598.0345256665 109438.8974261225
113598.0345256665 109833.8892993697

134546.2315228268 123658.6048630222
134546.2315228268 123790.2688207713
134546.2315228268 124053.5967362695
134546.2315228268 124185.2606940185
134711.1779558753 123131.9490320260
134711.1779558753 123790.2688207713
134711.1779558753 123921.9327785204
134876.1243889238 124316.9246517676
134876.1243889238 124448.5886095167
134876.1243889238 124843.5804827639
135041.0708219723 123658.6048630222
135041.0708219723 124053.5967362695
135206.0172550208 124580.2525672657
135206.0172550208 124975.2444405129
135535.9101211178 125106.9083982620
135535.9101211178 125633.5642292583
135700.8565541663 124448.5886095167
135700.8565541663 124843.5804827639
135700.8565541663 125238.5723560111
135700.8565541663 126028.5561025055
135865.8029872148 124580.2525672657
135865.8029872148 125765.2281870074
136030.7494202633 125106.9083982620
136030.7494202633 125501.9002715092
136195.6958533118 125106.9083982620
136195.6958533118 125633.5642292583
113268.1416595695 109702.2253416207
113268.1416595695 109833.8892993697
113268.1416595695 109965.5532571188
113433.0880926180 109438.8974261225
113433.0880926180 109702.2253416207
113433.0880926180 109833.8892993697
113598.0345256665 109833.8892993697
117061.9096196851 105357.3147359013

136195.6958533118 125106.9083982620
136030.7494202633 125501.9002715092
136030.7494202633 125106.9083982620
136030.7494202633 124975.2444405129
135865.8029872148 125370.2363137602
135865.8029872148 125238.5723560111
135865.8029872148 125106.9083982620
135700.8565541663 125238.5723560111
135700.8565541663 124843.5804827639
135700.8565541663 124448.5886095167
135535.9101211178 125106.9083982620
135535.9101211178 124975.2444405129
135535.9101211178 124580.2525672657
135370.9636880693 124975.2444405129
135370.9636880693 124711.9165250148
135370.9636880693 124448.5886095167
135370.9636880693 124185.2606940185
135206.0172550208 124843.5804827639
135041.0708219723 124448.5886095167
135041.0708219723 124316.9246517676
134876.1243889238 124448.5886095167
134876.1243889238 124185.2606940185
134711.1779558753 124185.2606940185
134711.1779558753 123921.9327785204
134546.2315228268 123790.2688207713
134546.2315228268 123658.6048630222
113762.9809587150 109570.5613838716
113598.0345256665 109833.8892993697
113433.0880926180 109833.8892993697
113433.0880926180 109702.2253416207
113268.1416595695 109965.5532571188
113268.1416595695 109833.8892993697
113268.1416595695 109702.2253416207
113268.1416595695 109570.5613838716

138504.9459159909 122473.6292432806
138339.9994829424 122078.6373700334
138175.0530498939 122605.2932010297
138010.1066168454 121551.9815390371
137515.2673176999 120893.6617502917
136525.5887194088 125370.2363137602
136525.5887194088 124580.2525672657
136360.6422863603 124843.5804827639
136030.7494202633 125896.8921447564
136030.7494202633 125501.9002715092
135700.8565541663 126028.5561025055
135700.8565541663 125238.5723560111
135535.9101211178 124843.5804827639
135370.9636880693 126160.2200602546
135370.9636880693 124316.9246517676
135206.0172550208 125370.2363137602
135206.0172550208 124975.2444405129
135206.0172550208 124580.2525672657
135041.0708219723 123658.6048630222
134876.1243889238 122868.6211165278
134711.1779558753 123921.9327785204
134711.1779558753 123526.9409052732
134711.1779558753 123131.9490320260
134381.2850897782 124053.5967362695
134381.2850897782 123263.6129897750
134051.3922236813 124316.9246517676
113268.1416595695 109833.8892993697
113268.1416595695 109965.5532571188
113433.0880926180 109438.8974261225
113598.0345256665 109833.8892993697
113762.9809587150 109307.2334683735
113927.9273917635 109702.2253416207
117061.9096196851 105357.3147359013
116896.9631866366 105620.6426513995

136195.6958533118 125633.5642292583
136195.6958533118 125106.9083982620
136030.7494202633 125896.8921447564
136030.7494202633 125370.2363137602
136030.7494202633 124975.2444405129
136030.7494202633 124316.9246517676
135865.8029872148 125765.2281870074
135865.8029872148 124580.2525672657
135700.8565541663 126028.5561025055
135700.8565541663 125238.5723560111
135700.8565541663 124843.5804827639
135700.8565541663 124448.5886095167
135206.0172550208 124975.2444405129
135206.0172550208 124580.2525672657
135041.0708219723 124053.5967362695
135041.0708219723 123658.6048630222
134876.1243889238 124843.5804827639
134876.1243889238 124448.5886095167
134876.1243889238 124316.9246517676
134711.1779558753 123921.9327785204
134711.1779558753 123790.2688207713
134711.1779558753 123131.9490320260
134546.2315228268 124185.2606940185
134381.2850897782 124053.5967362695
134381.2850897782 123658.6048630222
134381.2850897782 123263.6129897750
113268.1416595695 109702.2253416207
113268.1416595695 109833.8892993697
113268.1416595695 109965.5532571188
113433.0880926180 109702.2253416207
113433.0880926180 109833.8892993697
113598.0345256665 109438.8974261225
113598.0345256665 109833.8892993697
117061.9096196851 105357.3147359013

138504.9459159909 122473.6292432806
138339.9994829424 122078.6373700334
138175.0530498939 122605.2932010297
138010.1066168454 122868.6211165278
138010.1066168454 121551.9815390371
137845.1601837969 123131.9490320260
137515.2673176999 120893.6617502917
137020.4280185543 124843.5804827639
136525.5887194088 125370.2363137602
136360.6422863603 124843.5804827639
136030.7494202633 125896.8921447564
135700.8565541663 126028.5561025055
135700.8565541663 125238.5723560111
135700.8565541663 123658.6048630222
135535.9101211178 122341.9652855315
135206.0172550208 122605.2932010297
135041.0708219723 126028.5561025055
135041.0708219723 123658.6048630222
134876.1243889238 126291.8840180037
134876.1243889238 122868.6211165278
134381.2850897782 124053.5967362695
134381.2850897782 123658.6048630222
134381.2850897782 123263.6129897750
134216.3386567298 124711.9165250148
134216.3386567298 122868.6211165278
134051.3922236813 124316.9246517676
113268.1416595695 109965.5532571188
113433.0880926180 109438.8974261225
113598.0345256665 109833.8892993697
113762.9809587150 109307.2334683735
114092.8738248120 109175.5695106244
114587.7131239575 110097.2172148679
117061.9096196851 105357.3147359013
116896.9631866366 105620.6426513995

136195.6958533118 125106.9083982620
136030.7494202633 125501.9002715092
136030.7494202633 125106.9083982620
136030.7494202633 124975.2444405129
135865.8029872148 125238.5723560111
135865.8029872148 125106.9083982620
135700.8565541663 125238.5723560111
135700.8565541663 124843.5804827639
135535.9101211178 125106.9083982620
135535.9101211178 124975.2444405129
135535.9101211178 124843.5804827639
135535.9101211178 124580.2525672657
135370.9636880693 124975.2444405129
135370.9636880693 124711.9165250148
135370.9636880693 124448.5886095167
135370.9636880693 124185.2606940185
135206.0172550208 124843.5804827639
135865.8029872148 125370.2363137602
135041.0708219723 124448.5886095167
135041.0708219723 124316.9246517676
134711.1779558753 123921.9327785204
134876.1243889238 124448.5886095167
134876.1243889238 124185.2606940185
134711.1779558753 124185.2606940185
134546.2315228268 123790.2688207713
134546.2315228268 123658.6048630222
113268.1416595695 109570.5613838716
113268.1416595695 109702.2253416207
113268.1416595695 109833.8892993697
113268.1416595695 109965.5532571188
113433.0880926180 109702.2253416207
113433.0880926180 109833.8892993697
113598.0345256665 109833.8892993697
113762.9809587150 109570.5613838716

134051.3922236813 124316.9246517676
134381.2850897782 123263.6129897750
134381.2850897782 123658.6048630222
134381.2850897782 124053.5967362695
134711.1779558753 123131.9490320260
134711.1779558753 123921.9327785204
134876.1243889238 122868.6211165278
138504.9459159909 122473.6292432806
138339.9994829424 122078.6373700334
138175.0530498939 122605.2932010297
138010.1066168454 121551.9815390371
137515.2673176999 120893.6617502917
136525.5887194088 125370.2363137602
136525.5887194088 124580.2525672657
136360.6422863603 124843.5804827639
136030.7494202633 125896.8921447564
135700.8565541663 126028.5561025055
135700.8565541663 125238.5723560111
135535.9101211178 124843.5804827639
135370.9636880693 126160.2200602546
135370.9636880693 124316.9246517676
135370.9636880693 122736.9571587787
135206.0172550208 125370.2363137602
135206.0172550208 124975.2444405129
135206.0172550208 124580.2525672657
135041.0708219723 123658.6048630222
113268.1416595695 109833.8892993697
113268.1416595695 109965.5532571188
113433.0880926180 109438.8974261225
113598.0345256665 109833.8892993697
113762.9809587150 109307.2334683735
113927.9273917635 109702.2253416207
117061.9096196851 105357.3147359013
116896.9631866366 105620.6426513995

136195.6958533118 125633.5642292583
136195.6958533118 125106.9083982620
136030.7494202633 125501.9002715092
135865.8029872148 125238.5723560111
135865.8029872148 125106.9083982620
135865.8029872148 124843.5804827639
135865.8029872148 124448.5886095167
135700.8565541663 125238.5723560111
135700.8565541663 124711.9165250148
135535.9101211178 125106.9083982620
135370.9636880693 125501.9002715092
135370.9636880693 125370.2363137602
135370.9636880693 124711.9165250148
135206.0172550208 124580.2525672657
135206.0172550208 124053.5967362695
135041.0708219723 124053.5967362695
134876.1243889238 124843.5804827639
134876.1243889238 124448.5886095167
134876.1243889238 124316.9246517676
134876.1243889238 124185.2606940185
134876.1243889238 123526.9409052732
134711.1779558753 123921.9327785204
134711.1779558753 123790.2688207713
134711.1779558753 123658.6048630222
134546.2315228268 123790.2688207713
134546.2315228268 123658.6048630222
113268.1416595695 109570.5613838716
113268.1416595695 109702.2253416207
113268.1416595695 109833.8892993697
113268.1416595695 109965.5532571188
113433.0880926180 109702.2253416207
113433.0880926180 109833.8892993697
113598.0345256665 109833.8892993697
113927.9273917635 109702.2253416207

138504.9459159909 122473.6292432806
138339.9994829424 122078.6373700334
138175.0530498939 122605.2932010297
138010.1066168454 122868.6211165278
138010.1066168454 121551.9815390371
137845.1601837969 123131.9490320260
137515.2673176999 120893.6617502917
136690.5351524574 120103.6780037973
136525.5887194088 125370.2363137602
136360.6422863603 124843.5804827639
136030.7494202633 125896.8921447564
135700.8565541663 126028.5561025055
135700.8565541663 125238.5723560111
135700.8565541663 123658.6048630222
135700.8565541663 123000.2850742769
135535.9101211178 122341.9652855315
135041.0708219723 126028.5561025055
134876.1243889238 126291.8840180037
134876.1243889238 122868.6211165278
134711.1779558753 126686.8758912509
134381.2850897782 124053.5967362695
134381.2850897782 123658.6048630222
134381.2850897782 123263.6129897750
134216.3386567298 124711.9165250148
134216.3386567298 122868.6211165278
134051.3922236813 124316.9246517676
113268.1416595695 109965.5532571188
113433.0880926180 109438.8974261225
113598.0345256665 109833.8892993697
113762.9809587150 109307.2334683735
114092.8738248120 109175.5695106244
114257.8202578605 108912.2415951262
117061.9096196851 105357.3147359013
116896.9631866366 105620.6426513995

136195.6958533118 125633.5642292583
136195.6958533118 125106.9083982620
136030.7494202633 125501.9002715092
136030.7494202633 125106.9083982620
135865.8029872148 125765.2281870074
135865.8029872148 124580.2525672657
135700.8565541663 126028.5561025055
135700.8565541663 125238.5723560111
135700.8565541663 124843.5804827639
135700.8565541663 124448.5886095167
135535.9101211178 125633.5642292583
135535.9101211178 125106.9083982620
135206.0172550208 124975.2444405129
135206.0172550208 124580.2525672657
135041.0708219723 124053.5967362695
135041.0708219723 123658.6048630222
134876.1243889238 124843.5804827639
134876.1243889238 124448.5886095167
134876.1243889238 124316.9246517676
134711.1779558753 123921.9327785204
134711.1779558753 123790.2688207713
134711.1779558753 123131.9490320260
134546.2315228268 124185.2606940185
134381.2850897782 124053.5967362695
134381.2850897782 123658.6048630222
134381.2850897782 123263.6129897750
113268.1416595695 109702.2253416207
113268.1416595695 109833.8892993697
113268.1416595695 109965.5532571188
113433.0880926180 109702.2253416207
113433.0880926180 109833.8892993697
113598.0345256665 109438.8974261225
113598.0345256665 109833.8892993697
117061.9096196851 105357.3147359013

134381.2850897782 123263.6129897750
134381.2850897782 123658.6048630222
134381.2850897782 124053.5967362695
134546.2315228268 124185.2606940185
134546.2315228268 124580.2525672657
134711.1779558753 123131.9490320260
134711.1779558753 123921.9327785204
134876.1243889238 122868.6211165278
135041.0708219723 123658.6048630222
135206.0172550208 124185.2606940185
135206.0172550208 124580.2525672657
135206.0172550208 124975.2444405129
135206.0172550208 125370.2363137602
135370.9636880693 123921.9327785204
135700.8565541663 124448.5886095167
136360.6422863603 124843.5804827639
136195.6958533118 125106.9083982620
136030.7494202633 125896.8921447564
136030.7494202633 125501.9002715092
136030.7494202633 125370.2363137602
136030.7494202633 124975.2444405129
136030.7494202633 124316.9246517676
135700.8565541663 126028.5561025055
135700.8565541663 125238.5723560111
135206.0172550208 123395.2769475241
134546.2315228268 123790.2688207713
113268.1416595695 109833.8892993697
113268.1416595695 109965.5532571188
113433.0880926180 109438.8974261225
113598.0345256665 109833.8892993697
113762.9809587150 109307.2334683735
113927.9273917635 109702.2253416207
117061.9096196851 105357.3147359013
113268.1416595695 109702.2253416207

136195.6958533118 125633.5642292583
136030.7494202633 125501.9002715092
136030.7494202633 124975.2444405129
135865.8029872148 125238.5723560111
135865.8029872148 125106.9083982620
135865.8029872148 124843.5804827639
135865.8029872148 124448.5886095167
135700.8565541663 125238.5723560111
135700.8565541663 124711.9165250148
135535.9101211178 125106.9083982620
135370.9636880693 125501.9002715092
135370.9636880693 125370.2363137602
135370.9636880693 124711.9165250148
135206.0172550208 124580.2525672657
135206.0172550208 124053.5967362695
135041.0708219723 124053.5967362695
134876.1243889238 124843.5804827639
134876.1243889238 124448.5886095167
134876.1243889238 124316.9246517676
134876.1243889238 124185.2606940185
134876.1243889238 123526.9409052732
134711.1779558753 123921.9327785204
134711.1779558753 123790.2688207713
134711.1779558753 123658.6048630222
135535.9101211178 124711.9165250148
134546.2315228268 123658.6048630222
113268.1416595695 109570.5613838716
113268.1416595695 109702.2253416207
113268.1416595695 109833.8892993697
113268.1416595695 109965.5532571188
113598.0345256665 109833.8892993697
113598.0345256665 109438.8974261225
113433.0880926180 109833.8892993697
113433.0880926180 109702.2253416207

136195.6958533118 125633.5642292583
136195.6958533118 125106.9083982620
136030.7494202633 125896.8921447564
136030.7494202633 125370.2363137602
136030.7494202633 124975.2444405129
136030.7494202633 124316.9246517676
135865.8029872148 125765.2281870074
135865.8029872148 124580.2525672657
135700.8565541663 126028.5561025055
135700.8565541663 125238.5723560111
135700.8565541663 124843.5804827639
135700.8565541663 124448.5886095167
135206.0172550208 124975.2444405129
135206.0172550208 124580.2525672657
135041.0708219723 124053.5967362695
135041.0708219723 123658.6048630222
134876.1243889238 124843.5804827639
134876.1243889238 124448.5886095167
134876.1243889238 124316.9246517676
134711.1779558753 123921.9327785204
134711.1779558753 123790.2688207713
134711.1779558753 123131.9490320260
134546.2315228268 124185.2606940185
134381.2850897782 124053.5967362695
134546.2315228268 123395.2769475241
134381.2850897782 123263.6129897750
113268.1416595695 109833.8892993697
113268.1416595695 109965.5532571188
113433.0880926180 109438.8974261225
113598.0345256665 109833.8892993697
117061.9096196851 105357.3147359013
113927.9273917635 109702.2253416207
113762.9809587150 109307.2334683735
113268.1416595695 109702.2253416207

136195.6958533118 125633.5642292583
136195.6958533118 125106.9083982620
136030.7494202633 125501.9002715092
136030.7494202633 124975.2444405129
135865.8029872148 125238.5723560111
135865.8029872148 124843.5804827639
135700.8565541663 125238.5723560111
135535.9101211178 125106.9083982620
135535.9101211178 124975.2444405129
135370.9636880693 124711.9165250148
135370.9636880693 124580.2525672657
135206.0172550208 124580.2525672657
135041.0708219723 124448.5886095167
135041.0708219723 124053.5967362695
135041.0708219723 123658.6048630222
134876.1243889238 124843.5804827639
134876.1243889238 124448.5886095167
134876.1243889238 124316.9246517676
135865.8029872148 125370.2363137602
134876.1243889238 123526.9409052732
134876.1243889238 123790.2688207713
134711.1779558753 123790.2688207713
134711.1779558753 123658.6048630222
134546.2315228268 124053.5967362695
134546.2315228268 123790.2688207713
134546.2315228268 123658.6048630222
113268.1416595695 109570.5613838716
113268.1416595695 109702.2253416207
113268.1416595695 109833.8892993697
113268.1416595695 109965.5532571188
113433.0880926180 109702.2253416207
113433.0880926180 109833.8892993697
113598.0345256665 109438.8974261225
113598.0345256665 109833.8892993697

134381.2850897782 123263.6129897750
134381.2850897782 123658.6048630222
134381.2850897782 124053.5967362695
134546.2315228268 124185.2606940185
134546.2315228268 124580.2525672657
134711.1779558753 123131.9490320260
134711.1779558753 123921.9327785204
134876.1243889238 122868.6211165278
135041.0708219723 123658.6048630222
135206.0172550208 124185.2606940185
135206.0172550208 124580.2525672657
135206.0172550208 124975.2444405129
135206.0172550208 125370.2363137602
136195.6958533118 125633.5642292583
136195.6958533118 125106.9083982620
136030.7494202633 125896.8921447564
136030.7494202633 125370.2363137602
136030.7494202633 124975.2444405129
136030.7494202633 124316.9246517676
135865.8029872148 125765.2281870074
135865.8029872148 124580.2525672657
135700.8565541663 126028.5561025055
135700.8565541663 125238.5723560111
135700.8565541663 124843.5804827639
135700.8565541663 124448.5886095167
135041.0708219723 124053.5967362695
113268.1416595695 109702.2253416207
113268.1416595695 109833.8892993697
113268.1416595695 109965.5532571188
113433.0880926180 109438.8974261225
113598.0345256665 109833.8892993697
113762.9809587150 109307.2334683735
113927.9273917635 109702.2253416207
117061.9096196851 105357.3147359013

134381.2850897782 123263.6129897750
134381.2850897782 123658.6048630222
134381.2850897782 124053.5967362695
134546.2315228268 124185.2606940185
134711.1779558753 123131.9490320260
134711.1779558753 123790.2688207713
134711.1779558753 123921.9327785204
134876.1243889238 124316.9246517676
134876.1243889238 124448.5886095167
134876.1243889238 124843.5804827639
135041.0708219723 123658.6048630222
135041.0708219723 124053.5967362695
135206.0172550208 124580.2525672657
135206.0172550208 124975.2444405129
136195.6958533118 125633.5642292583
136195.6958533118 125106.9083982620
136030.7494202633 125896.8921447564
136030.7494202633 125370.2363137602
136030.7494202633 124975.2444405129
136030.7494202633 124316.9246517676
135865.8029872148 125765.2281870074
135865.8029872148 124580.2525672657
135700.8565541663 126028.5561025055
135700.8565541663 125238.5723560111
135700.8565541663 124843.5804827639
135700.8565541663 124448.5886095167
113268.1416595695 109702.2253416207
113268.1416595695 109833.8892993697
113268.1416595695 109965.5532571188
113433.0880926180 109438.8974261225
117061.9096196851 105357.3147359013
113927.9273917635 109702.2253416207
113762.9809587150 109307.2334683735
113598.0345256665 109833.8892993697

134051.3922236813 124316.9246517676
134381.2850897782 123263.6129897750
134381.2850897782 123658.6048630222
134381.2850897782 124053.5967362695
134711.1779558753 123131.9490320260
134711.1779558753 123921.9327785204
134876.1243889238 122868.6211165278
135041.0708219723 123658.6048630222
135206.0172550208 124580.2525672657
134216.3386567298 124711.9165250148
135206.0172550208 125370.2363137602
135370.9636880693 122736.9571587787
135370.9636880693 124316.9246517676
135370.9636880693 126160.2200602546
135700.8565541663 125238.5723560111
135700.8565541663 126028.5561025055
136030.7494202633 125896.8921447564
136360.6422863603 124843.5804827639
136525.5887194088 124580.2525672657
136525.5887194088 125370.2363137602
138504.9459159909 122473.6292432806
138339.9994829424 122078.6373700334
138175.0530498939 122605.2932010297
138010.1066168454 121551.9815390371
137515.2673176999 120893.6617502917
135700.8565541663 123658.6048630222
113268.1416595695 109965.5532571188
113433.0880926180 109438.8974261225
113598.0345256665 109833.8892993697
113762.9809587150 109307.2334683735
114092.8738248120 109175.5695106244
114257.8202578605 108912.2415951262
117061.9096196851 105357.3147359013
116896.9631866366 105620.6426513995

136195.6958533118 125633.5642292583
136195.6958533118 125106.9083982620
136030.7494202633 125501.9002715092
136030.7494202633 124975.2444405129
135865.8029872148 125238.5723560111
135865.8029872148 124843.5804827639
135700.8565541663 125238.5723560111
135535.9101211178 125106.9083982620
135535.9101211178 124975.2444405129
135370.9636880693 124711.9165250148
135370.9636880693 124580.2525672657
135206.0172550208 124580.2525672657
135041.0708219723 124448.5886095167
135041.0708219723 124053.5967362695
135041.0708219723 123658.6048630222
134876.1243889238 124843.5804827639
134876.1243889238 124448.5886095167
134876.1243889238 124316.9246517676
134876.1243889238 124185.2606940185
134876.1243889238 123526.9409052732
134711.1779558753 123921.9327785204
134711.1779558753 123790.2688207713
134711.1779558753 123658.6048630222
134546.2315228268 124053.5967362695
134546.2315228268 123790.2688207713
134546.2315228268 123658.6048630222
113268.1416595695 109570.5613838716
113268.1416595695 109702.2253416207
113268.1416595695 109833.8892993697
113268.1416595695 109965.5532571188
113433.0880926180 109702.2253416207
113433.0880926180 109833.8892993697
113598.0345256665 109833.8892993697
113762.9809587150 109570.5613838716

134051.3922236813 124316.9246517676
134381.2850897782 123263.6129897750
134381.2850897782 123658.6048630222
134381.2850897782 124053.5967362695
134711.1779558753 123131.9490320260
134876.1243889238 122868.6211165278
135041.0708219723 123658.6048630222
135041.0708219723 125238.5723560111
135206.0172550208 124580.2525672657
135206.0172550208 124975.2444405129
135206.0172550208 125370.2363137602
135370.9636880693 122736.9571587787
135370.9636880693 124316.9246517676
135370.9636880693 126160.2200602546
135700.8565541663 123658.6048630222
135700.8565541663 125238.5723560111
135700.8565541663 126028.5561025055
136030.7494202633 125896.8921447564
136360.6422863603 124843.5804827639
136525.5887194088 124580.2525672657
136525.5887194088 125370.2363137602
137515.2673176999 120893.6617502917
138010.1066168454 121551.9815390371
138504.9459159909 122473.6292432806
138339.9994829424 122078.6373700334
136195.6958533118 125106.9083982620
113268.1416595695 109833.8892993697
113268.1416595695 109965.5532571188
113433.0880926180 109438.8974261225
113598.0345256665 109833.8892993697
113762.9809587150 109307.2334683735
113927.9273917635 109702.2253416207
117061.9096196851 105357.3147359013
116896.9631866366 105620.6426513995

136195.6958533118 125633.5642292583
136195.6958533118 125106.9083982620
136030.7494202633 125501.9002715092
136030.7494202633 124975.2444405129
135865.8029872148 125238.5723560111
135865.8029872148 124843.5804827639
135700.8565541663 125238.5723560111
135535.9101211178 125106.9083982620
135535.9101211178 124975.2444405129
135370.9636880693 124711.9165250148
135370.9636880693 124580.2525672657
135206.0172550208 124580.2525672657
135041.0708219723 124448.5886095167
135041.0708219723 124053.5967362695
135041.0708219723 123658.6048630222
134876.1243889238 124843.5804827639
134876.1243889238 124448.5886095167
134876.1243889238 124316.9246517676
134876.1243889238 124185.2606940185
134876.1243889238 123526.9409052732
134711.1779558753 123921.9327785204
134711.1779558753 123790.2688207713
134711.1779558753 123658.6048630222
134546.2315228268 124053.5967362695
134546.2315228268 123790.2688207713
134546.2315228268 123658.6048630222
113268.1416595695 109702.2253416207
113268.1416595695 109833.8892993697
113268.1416595695 109965.5532571188
113433.0880926180 109438.8974261225
113433.0880926180 109702.2253416207
113433.0880926180 109833.8892993697
113598.0345256665 109833.8892993697
113762.9809587150 109570.5613838716

134381.2850897782 123658.6048630222
134381.2850897782 124053.5967362695
134546.2315228268 123658.6048630222
134546.2315228268 124185.2606940185
134711.1779558753 123131.9490320260
134711.1779558753 123790.2688207713
134711.1779558753 123921.9327785204
134876.1243889238 124316.9246517676
134876.1243889238 124448.5886095167
135041.0708219723 123658.6048630222
135041.0708219723 124053.5967362695
135206.0172550208 124053.5967362695
135206.0172550208 124580.2525672657
135206.0172550208 124975.2444405129
135370.9636880693 124711.9165250148
135535.9101211178 124316.9246517676
135535.9101211178 124843.5804827639
135535.9101211178 125106.9083982620
135535.9101211178 125633.5642292583
135700.8565541663 125238.5723560111
135865.8029872148 124580.2525672657
135865.8029872148 125106.9083982620
135865.8029872148 125238.5723560111
136030.7494202633 125501.9002715092
136195.6958533118 125106.9083982620
136195.6958533118 125633.5642292583
113268.1416595695 109570.5613838716
113268.1416595695 109702.2253416207
113268.1416595695 109833.8892993697
113268.1416595695 109965.5532571188
113433.0880926180 109702.2253416207
113433.0880926180 109833.8892993697
113762.9809587150 109570.5613838716
113598.0345256665 109833.8892993697

134381.2850897782 123263.6129897750
134381.2850897782 123658.6048630222
134381.2850897782 124053.5967362695
134546.2315228268 124185.2606940185
136195.6958533118 125633.5642292583
136195.6958533118 125106.9083982620
136030.7494202633 125501.9002715092
136030.7494202633 125106.9083982620
135865.8029872148 125765.2281870074
135865.8029872148 124580.2525672657
135700.8565541663 126028.5561025055
135700.8565541663 125238.5723560111
135700.8565541663 124843.5804827639
135700.8565541663 124448.5886095167
135535.9101211178 125633.5642292583
135535.9101211178 125106.9083982620
135206.0172550208 124975.2444405129
135206.0172550208 124580.2525672657
135041.0708219723 124053.5967362695
135041.0708219723 123658.6048630222
134876.1243889238 124843.5804827639
134876.1243889238 124448.5886095167
134876.1243889238 124316.9246517676
134711.1779558753 123921.9327785204
134711.1779558753 123790.2688207713
134711.1779558753 123131.9490320260
113268.1416595695 109702.2253416207
113268.1416595695 109833.8892993697
113268.1416595695 109965.5532571188
113433.0880926180 109438.8974261225
113433.0880926180 109702.2253416207
113433.0880926180 109833.8892993697
113598.0345256665 109833.8892993697
113762.9809587150 109570.5613838716

134546.2315228268 123658.6048630222
134546.2315228268 123790.2688207713
134546.2315228268 124053.5967362695
134711.1779558753 123658.6048630222
134711.1779558753 123790.2688207713
134711.1779558753 123921.9327785204
134876.1243889238 123526.9409052732
134876.1243889238 124185.2606940185
134876.1243889238 124316.9246517676
134876.1243889238 124448.5886095167
134876.1243889238 124843.5804827639
135041.0708219723 123658.6048630222
135041.0708219723 124053.5967362695
135041.0708219723 124448.5886095167
135206.0172550208 124580.2525672657
135370.9636880693 124580.2525672657
135370.9636880693 124711.9165250148
135535.9101211178 124975.2444405129
135535.9101211178 125106.9083982620
135700.8565541663 125238.5723560111
135865.8029872148 124843.5804827639
135865.8029872148 125238.5723560111
136030.7494202633 124975.2444405129
136030.7494202633 125501.9002715092
136195.6958533118 125633.5642292583
136360.6422863603 124843.5804827639
113268.1416595695 109570.5613838716
113268.1416595695 109702.2253416207
113268.1416595695 109833.8892993697
113268.1416595695 109965.5532571188
113433.0880926180 109702.2253416207
113433.0880926180 109833.8892993697
113598.0345256665 109438.8974261225
113598.0345256665 109833.8892993697

134546.2315228268 123658.6048630222
134546.2315228268 123790.2688207713
134546.2315228268 124053.5967362695
134711.1779558753 123658.6048630222
134711.1779558753 123790.2688207713
134711.1779558753 123921.9327785204
134876.1243889238 123526.9409052732
134876.1243889238 124185.2606940185
134876.1243889238 124316.9246517676
134876.1243889238 124448.5886095167
134876.1243889238 124843.5804827639
135041.0708219723 123658.6048630222
135041.0708219723 124053.5967362695
135041.0708219723 124448.5886095167
135206.0172550208 124580.2525672657
135370.9636880693 124580.2525672657
135370.9636880693 124711.9165250148
135535.9101211178 124975.2444405129
135535.9101211178 125106.9083982620
135700.8565541663 125238.5723560111
135865.8029872148 124843.5804827639
135865.8029872148 125238.5723560111
136030.7494202633 124975.2444405129
136030.7494202633 125501.9002715092
136195.6958533118 125633.5642292583
136195.6958533118 125106.9083982620
113268.1416595695 109570.5613838716
113268.1416595695 109702.2253416207
113268.1416595695 109833.8892993697
113268.1416595695 109965.5532571188
113433.0880926180 109702.2253416207
113433.0880926180 109833.8892993697
113598.0345256665 109570.5613838716
113598.0345256665 109833.8892993697

134381.2850897782 123263.6129897750
134381.2850897782 123658.6048630222
134381.2850897782 124053.5967362695
134546.2315228268 124185.2606940185
134711.1779558753 123131.9490320260
134711.1779558753 123790.2688207713
134711.1779558753 123921.9327785204
134876.1243889238 124316.9246517676
134876.1243889238 124448.5886095167
136195.6958533118 125633.5642292583
136195.6958533118 125106.9083982620
136030.7494202633 125501.9002715092
135865.8029872148 125238.5723560111
135865.8029872148 125106.9083982620
135865.8029872148 124580.2525672657
135700.8565541663 125238.5723560111
135535.9101211178 125633.5642292583
135535.9101211178 125106.9083982620
135535.9101211178 124843.5804827639
135535.9101211178 124316.9246517676
135370.9636880693 124711.9165250148
135206.0172550208 124975.2444405129
135206.0172550208 124580.2525672657
135206.0172550208 124053.5967362695
135041.0708219723 124053.5967362695
135041.0708219723 123658.6048630222
113268.1416595695 109570.5613838716
113268.1416595695 109702.2253416207
113268.1416595695 109833.8892993697
113268.1416595695 109965.5532571188
113433.0880926180 109702.2253416207
113433.0880926180 109833.8892993697
113598.0345256665 109833.8892993697
113762.9809587150 109570.5613838716

134546.2315228268 123658.6048630222
134546.2315228268 123790.2688207713
134546.2315228268 124053.5967362695
134711.1779558753 123658.6048630222
134711.1779558753 123790.2688207713
134711.1779558753 123921.9327785204
134876.1243889238 123526.9409052732
134876.1243889238 124185.2606940185
134876.1243889238 124316.9246517676
134876.1243889238 124448.5886095167
134876.1243889238 124843.5804827639
135041.0708219723 123658.6048630222
135041.0708219723 124053.5967362695
135041.0708219723 124448.5886095167
135206.0172550208 124580.2525672657
135370.9636880693 124580.2525672657
135370.9636880693 124711.9165250148
135535.9101211178 124975.2444405129
135535.9101211178 125106.9083982620
135700.8565541663 125238.5723560111
135865.8029872148 124843.5804827639
135865.8029872148 125238.5723560111
136360.6422863603 124843.5804827639
136195.6958533118 125106.9083982620
136030.7494202633 125896.8921447564
136030.7494202633 125501.9002715092
113268.1416595695 109570.5613838716
113268.1416595695 109702.2253416207
113268.1416595695 109833.8892993697
113268.1416595695 109965.5532571188
113433.0880926180 109702.2253416207
113433.0880926180 109833.8892993697
113598.0345256665 109438.8974261225
113598.0345256665 109833.8892993697

134381.2850897782 123263.6129897750
134381.2850897782 123658.6048630222
134381.2850897782 124053.5967362695
134546.2315228268 124185.2606940185
134711.1779558753 123131.9490320260
134711.1779558753 123790.2688207713
134711.1779558753 123921.9327785204
134876.1243889238 124316.9246517676
134876.1243889238 124448.5886095167
135041.0708219723 123658.6048630222
135041.0708219723 124053.5967362695
136195.6958533118 125633.5642292583
136195.6958533118 125501.9002715092
136195.6958533118 125106.9083982620
136030.7494202633 125501.9002715092
136030.7494202633 125106.9083982620
135865.8029872148 125765.2281870074
135865.8029872148 124580.2525672657
135700.8565541663 125238.5723560111
135700.8565541663 124843.5804827639
135700.8565541663 124448.5886095167
135535.9101211178 125633.5642292583
135535.9101211178 125106.9083982620
135206.0172550208 124975.2444405129
135206.0172550208 124580.2525672657
134876.1243889238 124843.5804827639
113268.1416595695 109570.5613838716
113268.1416595695 109702.2253416207
113268.1416595695 109833.8892993697
113268.1416595695 109965.5532571188
113433.0880926180 109702.2253416207
113433.0880926180 109833.8892993697
113598.0345256665 109833.8892993697
113762.9809587150 109570.5613838716

134381.2850897782 123658.6048630222
134381.2850897782 124053.5967362695
134546.2315228268 123658.6048630222
134546.2315228268 124185.2606940185
134711.1779558753 123131.9490320260
134711.1779558753 123790.2688207713
134711.1779558753 123921.9327785204
134876.1243889238 124316.9246517676
134876.1243889238 124448.5886095167
136195.6958533118 125633.5642292583
136195.6958533118 125106.9083982620
136030.7494202633 125501.9002715092
135865.8029872148 125238.5723560111
135865.8029872148 125106.9083982620
135865.8029872148 124580.2525672657
135700.8565541663 125238.5723560111
135535.9101211178 125633.5642292583
135535.9101211178 125106.9083982620
135535.9101211178 124843.5804827639
135535.9101211178 124316.9246517676
135370.9636880693 124711.9165250148
135206.0172550208 124975.2444405129
135206.0172550208 124580.2525672657
135206.0172550208 124053.5967362695
135041.0708219723 124053.5967362695
135041.0708219723 123658.6048630222
113268.1416595695 109570.5613838716
113268.1416595695 109702.2253416207
113268.1416595695 109833.8892993697
113268.1416595695 109965.5532571188
113433.0880926180 109702.2253416207
113433.0880926180 109833.8892993697
113598.0345256665 109438.8974261225
113598.0345256665 109833.8892993697

136195.6958533118 125633.5642292583
136195.6958533118 125106.9083982620
136030.7494202633 125501.9002715092
136030.7494202633 125106.9083982620
135865.8029872148 125765.2281870074
135865.8029872148 124580.2525672657
136195.6958533118 125501.9002715092
135700.8565541663 125238.5723560111
135700.8565541663 124843.5804827639
135700.8565541663 124448.5886095167
135535.9101211178 125633.5642292583
135535.9101211178 125106.9083982620
135206.0172550208 124975.2444405129
135206.0172550208 124580.2525672657
135041.0708219723 124053.5967362695
135041.0708219723 123658.6048630222
134876.1243889238 124843.5804827639
134876.1243889238 124448.5886095167
134876.1243889238 124316.9246517676
134711.1779558753 123921.9327785204
134711.1779558753 123790.2688207713
134711.1779558753 123131.9490320260
134546.2315228268 124185.2606940185
134381.2850897782 124053.5967362695
134381.2850897782 123658.6048630222
134216.3386567298 123921.9327785204
113268.1416595695 109570.5613838716
113268.1416595695 109702.2253416207
113268.1416595695 109833.8892993697
113268.1416595695 109965.5532571188
113433.0880926180 109702.2253416207
113433.0880926180 109833.8892993697
113598.0345256665 109833.8892993697
113762.9809587150 109570.5613838716

132896.7671923417 123658.6048630222
138504.9459159909 122473.6292432806
138339.9994829424 122078.6373700334
138175.0530498939 122605.2932010297
138010.1066168454 122868.6211165278
138010.1066168454 121551.9815390371
137845.1601837969 123131.9490320260
137515.2673176999 120893.6617502917
136690.5351524574 120103.6780037973
136525.5887194088 125370.2363137602
136360.6422863603 124843.5804827639
136030.7494202633 125896.8921447564
135700.8565541663 126028.5561025055
135700.8565541663 125238.5723560111
135535.9101211178 122341.9652855315
135206.0172550208 122605.2932010297
135041.0708219723 126028.5561025055
135041.0708219723 123263.6129897750
134876.1243889238 126423.5479757527
134711.1779558753 126686.8758912509
134711.1779558753 122736.9571587787
134381.2850897782 126818.5398489999
134381.2850897782 124053.5967362695
134381.2850897782 123263.6129897750
133886.4457906327 123395.2769475241
133886.4457906327 116548.7511445724
113268.1416595695 109965.5532571188
113433.0880926180 109438.8974261225
113598.0345256665 109833.8892993697
113762.9809587150 109307.2334683735
114092.8738248120 109175.5695106244
114257.8202578605 108912.2415951262
117061.9096196851 105357.3147359013
116896.9631866366 105620.6426513995

134546.2315228268 123658.6048630222
134711.1779558753 123658.6048630222
136195.6958533118 125106.9083982620
136030.7494202633 125896.8921447564
136030.7494202633 125501.9002715092
135865.8029872148 125238.5723560111
135865.8029872148 125106.9083982620
135865.8029872148 124580.2525672657
135700.8565541663 125238.5723560111
135535.9101211178 125633.5642292583
135535.9101211178 125106.9083982620
135535.9101211178 124843.5804827639
135535.9101211178 124316.9246517676
135370.9636880693 124711.9165250148
135206.0172550208 124975.2444405129
135206.0172550208 124580.2525672657
135206.0172550208 124053.5967362695
135041.0708219723 124053.5967362695
135041.0708219723 123658.6048630222
134876.1243889238 124448.5886095167
134876.1243889238 124316.9246517676
134711.1779558753 123921.9327785204
134711.1779558753 123790.2688207713
134711.1779558753 123131.9490320260
134546.2315228268 124185.2606940185
134381.2850897782 124053.5967362695
113268.1416595695 109570.5613838716
113268.1416595695 109702.2253416207
113268.1416595695 109833.8892993697
113268.1416595695 109965.5532571188
113433.0880926180 109702.2253416207
113433.0880926180 109833.8892993697
113598.0345256665 109833.8892993697
113762.9809587150 109570.5613838716

134546.2315228268 123658.6048630222
136195.6958533118 125106.9083982620
136030.7494202633 125896.8921447564
136030.7494202633 125501.9002715092
135865.8029872148 125238.5723560111
135865.8029872148 125106.9083982620
135865.8029872148 124580.2525672657
135700.8565541663 125238.5723560111
135535.9101211178 125633.5642292583
135535.9101211178 125106.9083982620
135535.9101211178 124843.5804827639
135535.9101211178 124316.9246517676
135370.9636880693 124711.9165250148
135206.0172550208 124975.2444405129
135206.0172550208 124580.2525672657
135206.0172550208 124053.5967362695
135041.0708219723 124053.5967362695
135041.0708219723 123658.6048630222
134876.1243889238 124448.5886095167
134876.1243889238 124316.9246517676
134711.1779558753 123921.9327785204
134711.1779558753 123790.2688207713
134711.1779558753 123131.9490320260
134546.2315228268 124185.2606940185
134381.2850897782 124053.5967362695
134381.2850897782 123658.6048630222
113268.1416595695 109570.5613838716
113268.1416595695 109702.2253416207
113268.1416595695 109833.8892993697
113268.1416595695 109965.5532571188
113433.0880926180 109702.2253416207
113433.0880926180 109833.8892993697
113598.0345256665 109833.8892993697
113762.9809587150 109570.5613838716

136195.6958533118 125633.5642292583
136195.6958533118 125106.9083982620
136030.7494202633 125501.9002715092
136030.7494202633 125106.9083982620
135865.8029872148 125765.2281870074
135865.8029872148 124580.2525672657
135700.8565541663 126028.5561025055
135700.8565541663 125238.5723560111
135700.8565541663 124843.5804827639
135700.8565541663 124448.5886095167
135535.9101211178 125633.5642292583
135535.9101211178 125106.9083982620
135206.0172550208 124975.2444405129
135206.0172550208 124580.2525672657
135041.0708219723 124053.5967362695
135041.0708219723 123658.6048630222
134876.1243889238 124843.5804827639
134876.1243889238 124448.5886095167
134876.1243889238 124316.9246517676
134711.1779558753 123921.9327785204
134711.1779558753 123790.2688207713
134711.1779558753 123131.9490320260
134546.2315228268 124185.2606940185
134381.2850897782 124053.5967362695
134381.2850897782 123658.6048630222
134216.3386567298 123921.9327785204
113268.1416595695 109570.5613838716
113268.1416595695 109702.2253416207
113268.1416595695 109833.8892993697
113268.1416595695 109965.5532571188
113433.0880926180 109702.2253416207
113433.0880926180 109833.8892993697
113598.0345256665 109833.8892993697
113762.9809587150 109570.5613838716

136195.6958533118 125633.5642292583
136195.6958533118 125106.9083982620
136030.7494202633 125501.9002715092
136030.7494202633 125106.9083982620
135865.8029872148 125765.2281870074
135865.8029872148 124580.2525672657
135700.8565541663 126028.5561025055
135700.8565541663 125238.5723560111
135700.8565541663 124843.5804827639
135700.8565541663 124448.5886095167
135535.9101211178 125633.5642292583
135535.9101211178 125106.9083982620
135206.0172550208 124975.2444405129
135206.0172550208 124580.2525672657
135041.0708219723 124053.5967362695
135041.0708219723 123658.6048630222
134876.1243889238 124843.5804827639
134876.1243889238 124448.5886095167
134876.1243889238 124316.9246517676
134711.1779558753 123921.9327785204
134711.1779558753 123790.2688207713
134711.1779558753 123131.9490320260
134546.2315228268 124185.2606940185
134381.2850897782 124053.5967362695
134381.2850897782 123658.6048630222
134381.2850897782 123263.6129897750
113268.1416595695 109570.5613838716
113268.1416595695 109702.2253416207
113268.1416595695 109833.8892993697
113268.1416595695 109965.5532571188
113433.0880926180 109702.2253416207
113433.0880926180 109833.8892993697
113598.0345256665 109833.8892993697
113762.9809587150 109570.5613838716

134381.2850897782 123658.6048630222
134381.2850897782 124053.5967362695
134546.2315228268 123658.6048630222
134546.2315228268 124185.2606940185
136195.6958533118 125633.5642292583
136195.6958533118 125106.9083982620
136030.7494202633 125501.9002715092
136030.7494202633 125106.9083982620
135865.8029872148 125765.2281870074
135865.8029872148 124580.2525672657
135700.8565541663 126028.5561025055
135700.8565541663 125238.5723560111
135700.8565541663 124843.5804827639
135700.8565541663 124448.5886095167
135535.9101211178 125633.5642292583
135535.9101211178 125106.9083982620
135206.0172550208 124975.2444405129
135206.0172550208 124580.2525672657
135041.0708219723 124053.5967362695
135041.0708219723 123658.6048630222
134876.1243889238 124843.5804827639
134876.1243889238 124448.5886095167
134876.1243889238 124316.9246517676
134711.1779558753 123921.9327785204
134711.1779558753 123790.2688207713
134711.1779558753 123131.9490320260
113268.1416595695 109570.5613838716
113268.1416595695 109702.2253416207
113268.1416595695 109833.8892993697
113268.1416595695 109965.5532571188
117061.9096196851 105357.3147359013
113927.9273917635 109702.2253416207
113762.9809587150 109307.2334683735
113598.0345256665 109833.8892993697

134381.2850897782 123658.6048630222
134381.2850897782 124053.5967362695
134546.2315228268 123658.6048630222
134546.2315228268 124185.2606940185
134711.1779558753 123131.9490320260
134711.1779558753 123790.2688207713
134711.1779558753 123921.9327785204
134876.1243889238 124316.9246517676
134876.1243889238 124448.5886095167
135041.0708219723 123658.6048630222
135041.0708219723 124053.5967362695
135206.0172550208 124053.5967362695
135206.0172550208 124580.2525672657
135206.0172550208 124975.2444405129
135370.9636880693 124711.9165250148
135535.9101211178 124316.9246517676
135535.9101211178 124843.5804827639
135535.9101211178 125106.9083982620
135535.9101211178 125633.5642292583
135700.8565541663 125238.5723560111
136195.6958533118 125633.5642292583
136195.6958533118 125106.9083982620
136030.7494202633 125501.9002715092
136030.7494202633 125106.9083982620
135865.8029872148 125765.2281870074
135865.8029872148 124580.2525672657
113268.1416595695 109570.5613838716
113268.1416595695 109702.2253416207
113268.1416595695 109833.8892993697
113268.1416595695 109965.5532571188
113433.0880926180 109702.2253416207
113433.0880926180 109833.8892993697
113598.0345256665 109833.8892993697
113762.9809587150 109570.5613838716

134546.2315228268 123658.6048630222
134546.2315228268 123790.2688207713
134711.1779558753 123658.6048630222
134711.1779558753 123790.2688207713
134711.1779558753 123921.9327785204
134876.1243889238 123526.9409052732
134876.1243889238 124185.2606940185
134876.1243889238 124316.9246517676
134876.1243889238 124448.5886095167
134876.1243889238 124843.5804827639
135041.0708219723 123658.6048630222
135041.0708219723 124053.5967362695
135041.0708219723 124448.5886095167
135206.0172550208 124053.5967362695
135206.0172550208 124580.2525672657
135370.9636880693 124580.2525672657
135370.9636880693 124711.9165250148
136195.6958533118 125106.9083982620
136030.7494202633 125501.9002715092
136030.7494202633 125106.9083982620
136030.7494202633 124975.2444405129
135865.8029872148 125238.5723560111
135865.8029872148 125106.9083982620
135700.8565541663 125238.5723560111
135700.8565541663 124843.5804827639
135535.9101211178 125106.9083982620
113268.1416595695 109570.5613838716
113268.1416595695 109702.2253416207
113268.1416595695 109833.8892993697
113268.1416595695 109965.5532571188
113433.0880926180 109702.2253416207
113433.0880926180 109833.8892993697
113598.0345256665 109438.8974261225
113598.0345256665 109833.8892993697

130092.6778305171 132085.0981589628
130257.6242635656 131690.1062857156
130422.5706966141 131163.4504547193
130917.4099957596 129451.8190039814
131247.3028618566 128793.4992152360
131247.3028618566 130900.1225392212
131577.1957279537 130636.7946237230
131742.1421610021 128003.5154687416
131742.1421610021 129451.8190039814
131907.0885940507 128398.5073419888
132566.8743262447 127871.8515109925
132731.8207592932 129320.1550462323
138504.9459159909 122473.6292432806
138339.9994829424 122078.6373700334
138175.0530498939 122605.2932010297
138010.1066168454 122868.6211165278
138010.1066168454 121551.9815390371
137845.1601837969 123131.9490320260
137515.2673176999 120893.6617502917
137020.4280185543 124843.5804827639
136525.5887194088 125370.2363137602
136360.6422863603 124843.5804827639
136030.7494202633 125896.8921447564
135700.8565541663 126028.5561025055
135700.8565541663 125238.5723560111
135700.8565541663 123658.6048630222
113598.0345256665 100617.4122569347
113927.9273917635 101144.0680879310
114092.8738248120 101539.0599611782
114257.8202578605 102329.0437076727
114422.7666909090 102065.7157921745
115082.5524231030 103119.0274541671
115247.4988561515 103514.0193274143
115907.2845883456 104698.9949471560

133061.7136253902 115758.7673980780
133886.4457906327 116548.7511445724
133886.4457906327 123395.2769475241
134381.2850897782 123263.6129897750
134381.2850897782 124053.5967362695
138504.9459159909 122473.6292432806
138339.9994829424 122078.6373700334
138175.0530498939 122605.2932010297
138010.1066168454 122868.6211165278
138010.1066168454 121551.9815390371
137845.1601837969 123131.9490320260
137515.2673176999 120893.6617502917
136690.5351524574 120103.6780037973
136525.5887194088 125370.2363137602
136360.6422863603 124843.5804827639
136030.7494202633 125896.8921447564
135700.8565541663 126028.5561025055
135700.8565541663 125238.5723560111
135535.9101211178 122341.9652855315
135206.0172550208 122605.2932010297
135041.0708219723 126028.5561025055
135041.0708219723 123263.6129897750
134876.1243889238 126291.8840180037
134876.1243889238 122868.6211165278
134711.1779558753 126686.8758912509
134216.3386567298 124711.9165250148
113268.1416595695 109965.5532571188
113433.0880926180 109438.8974261225
113598.0345256665 109833.8892993697
117061.9096196851 105357.3147359013
116896.9631866366 105620.6426513995
114257.8202578605 108912.2415951262
114092.8738248120 109175.5695106244
113762.9809587150 109307.2334683735

133061.7136253902 115758.7673980780
138504.9459159909 122473.6292432806
138339.9994829424 122078.6373700334
138175.0530498939 122605.2932010297
138010.1066168454 122868.6211165278
138010.1066168454 121551.9815390371
137845.1601837969 123131.9490320260
137515.2673176999 120893.6617502917
136690.5351524574 120103.6780037973
136525.5887194088 125370.2363137602
136360.6422863603 124843.5804827639
136030.7494202633 125896.8921447564
135700.8565541663 126028.5561025055
135700.8565541663 125238.5723560111
135535.9101211178 122341.9652855315
135206.0172550208 122605.2932010297
135041.0708219723 126028.5561025055
135041.0708219723 123263.6129897750
134876.1243889238 126291.8840180037
134711.1779558753 126686.8758912509
134711.1779558753 122736.9571587787
134381.2850897782 126818.5398489999
134381.2850897782 124053.5967362695
134381.2850897782 123263.6129897750
133886.4457906327 123395.2769475241
133886.4457906327 116548.7511445724
113268.1416595695 109965.5532571188
113433.0880926180 109438.8974261225
113598.0345256665 109833.8892993697
113762.9809587150 109307.2334683735
114092.8738248120 109175.5695106244
114257.8202578605 108912.2415951262
117061.9096196851 105357.3147359013
116896.9631866366 105620.6426513995

136195.6958533118 125633.5642292583
136030.7494202633 125501.9002715092
136030.7494202633 124975.2444405129
135865.8029872148 125238.5723560111
135865.8029872148 124843.5804827639
135700.8565541663 125238.5723560111
135700.8565541663 124711.9165250148
135535.9101211178 125106.9083982620
135535.9101211178 124975.2444405129
135370.9636880693 124711.9165250148
135370.9636880693 124580.2525672657
135206.0172550208 124580.2525672657
135206.0172550208 124053.5967362695
135041.0708219723 124448.5886095167
135041.0708219723 124053.5967362695
135041.0708219723 123658.6048630222
134876.1243889238 124843.5804827639
134876.1243889238 124448.5886095167
134876.1243889238 124316.9246517676
134876.1243889238 124185.2606940185
134876.1243889238 123526.9409052732
134711.1779558753 123921.9327785204
134711.1779558753 123790.2688207713
134711.1779558753 123658.6048630222
134546.2315228268 123790.2688207713
134546.2315228268 123658.6048630222
113268.1416595695 109965.5532571188
113433.0880926180 109438.8974261225
113598.0345256665 109833.8892993697
113598.0345256665 109438.8974261225
113433.0880926180 109833.8892993697
113433.0880926180 109702.2253416207
113268.1416595695 109833.8892993697
113268.1416595695 109702.2253416207

138504.9459159909 122473.6292432806
138339.9994829424 122078.6373700334
138175.0530498939 122605.2932010297
138010.1066168454 122868.6211165278
138010.1066168454 121551.9815390371
137845.1601837969 123131.9490320260
137515.2673176999 120893.6617502917
137020.4280185543 124843.5804827639
136525.5887194088 125370.2363137602
136360.6422863603 124843.5804827639
136030.7494202633 125896.8921447564
135700.8565541663 126028.5561025055
135700.8565541663 125238.5723560111
135700.8565541663 123658.6048630222
135535.9101211178 122341.9652855315
135206.0172550208 122605.2932010297
135041.0708219723 126028.5561025055
135041.0708219723 125633.5642292583
135041.0708219723 123658.6048630222
134876.1243889238 122868.6211165278
134381.2850897782 123263.6129897750
134216.3386567298 124711.9165250148
134216.3386567298 122868.6211165278
134051.3922236813 124316.9246517676
134051.3922236813 123526.9409052732
133886.4457906327 123790.2688207713
113268.1416595695 109965.5532571188
113433.0880926180 109438.8974261225
113598.0345256665 109833.8892993697
113762.9809587150 109307.2334683735
114092.8738248120 109175.5695106244
114257.8202578605 108912.2415951262
117061.9096196851 105357.3147359013
116896.9631866366 105620.6426513995

136195.6958533118 125633.5642292583
136030.7494202633 125501.9002715092
136030.7494202633 124975.2444405129
135865.8029872148 125238.5723560111
135370.9636880693 124580.2525672657
135865.8029872148 124843.5804827639
135700.8565541663 125238.5723560111
135700.8565541663 124711.9165250148
135535.9101211178 125106.9083982620
135535.9101211178 124975.2444405129
135370.9636880693 124711.9165250148
135206.0172550208 124580.2525672657
135206.0172550208 124053.5967362695
135041.0708219723 124448.5886095167
135041.0708219723 124053.5967362695
135041.0708219723 123658.6048630222
134876.1243889238 124843.5804827639
134876.1243889238 124448.5886095167
134876.1243889238 124316.9246517676
134876.1243889238 124185.2606940185
134876.1243889238 123526.9409052732
134711.1779558753 123921.9327785204
134711.1779558753 123790.2688207713
134711.1779558753 123658.6048630222
134546.2315228268 123790.2688207713
134546.2315228268 123658.6048630222
113268.1416595695 109570.5613838716
113268.1416595695 109702.2253416207
113268.1416595695 109833.8892993697
113268.1416595695 109965.5532571188
113433.0880926180 109702.2253416207
113433.0880926180 109833.8892993697
113598.0345256665 109438.8974261225
113598.0345256665 109833.8892993697

133061.7136253902 115758.7673980780
133886.4457906327 116548.7511445724
133886.4457906327 123395.2769475241
134381.2850897782 123263.6129897750
134381.2850897782 124053.5967362695
134381.2850897782 126818.5398489999
134711.1779558753 122736.9571587787
134711.1779558753 126686.8758912509
134876.1243889238 126291.8840180037
138504.9459159909 122473.6292432806
138339.9994829424 122078.6373700334
138175.0530498939 122605.2932010297
138010.1066168454 122868.6211165278
138010.1066168454 121551.9815390371
137845.1601837969 123131.9490320260
137515.2673176999 120893.6617502917
136690.5351524574 120103.6780037973
136525.5887194088 125370.2363137602
136360.6422863603 124843.5804827639
136030.7494202633 125896.8921447564
135700.8565541663 126028.5561025055
135700.8565541663 125238.5723560111
135700.8565541663 123658.6048630222
135535.9101211178 122341.9652855315
135206.0172550208 122605.2932010297
135041.0708219723 126028.5561025055
113268.1416595695 109965.5532571188
113433.0880926180 109438.8974261225
113598.0345256665 109833.8892993697
113762.9809587150 109307.2334683735
114257.8202578605 108912.2415951262
117061.9096196851 105357.3147359013
116896.9631866366 105620.6426513995
116237.1774544426 105620.6426513995

136195.6958533118 125633.5642292583
136030.7494202633 125501.9002715092
136030.7494202633 124975.2444405129
135865.8029872148 125238.5723560111
135865.8029872148 125106.9083982620
135865.8029872148 124843.5804827639
135700.8565541663 125238.5723560111
135700.8565541663 124711.9165250148
135535.9101211178 125106.9083982620
135370.9636880693 125370.2363137602
135370.9636880693 124711.9165250148
135206.0172550208 124580.2525672657
135206.0172550208 124053.5967362695
135041.0708219723 124448.5886095167
135041.0708219723 124053.5967362695
135041.0708219723 123658.6048630222
134876.1243889238 124843.5804827639
134876.1243889238 124448.5886095167
134876.1243889238 124316.9246517676
134876.1243889238 124185.2606940185
134876.1243889238 123526.9409052732
134711.1779558753 123921.9327785204
134711.1779558753 123790.2688207713
134711.1779558753 123658.6048630222
134546.2315228268 123790.2688207713
134546.2315228268 123658.6048630222
113268.1416595695 109570.5613838716
113268.1416595695 109702.2253416207
113268.1416595695 109833.8892993697
113268.1416595695 109965.5532571188
113433.0880926180 109702.2253416207
113433.0880926180 109833.8892993697
113598.0345256665 109438.8974261225
113598.0345256665 109833.8892993697

134381.2850897782 123263.6129897750
134381.2850897782 123658.6048630222
134381.2850897782 124053.5967362695
134546.2315228268 124185.2606940185
134711.1779558753 123131.9490320260
134711.1779558753 123790.2688207713
134711.1779558753 123921.9327785204
134876.1243889238 124316.9246517676
134876.1243889238 124448.5886095167
134876.1243889238 124843.5804827639
135041.0708219723 123658.6048630222
135041.0708219723 124053.5967362695
135206.0172550208 124580.2525672657
135206.0172550208 124975.2444405129
135535.9101211178 125106.9083982620
135535.9101211178 125633.5642292583
135700.8565541663 124448.5886095167
135700.8565541663 124843.5804827639
135700.8565541663 125238.5723560111
135700.8565541663 126028.5561025055
135865.8029872148 124580.2525672657
136360.6422863603 124843.5804827639
136195.6958533118 125106.9083982620
136030.7494202633 125896.8921447564
136030.7494202633 125501.9002715092
136030.7494202633 125370.2363137602
113268.1416595695 109702.2253416207
113268.1416595695 109833.8892993697
113268.1416595695 109965.5532571188
117061.9096196851 105357.3147359013
113927.9273917635 109702.2253416207
113762.9809587150 109307.2334683735
113598.0345256665 109833.8892993697
113433.0880926180 109438.8974261225

134381.2850897782 123263.6129897750
134381.2850897782 123658.6048630222
136195.6958533118 125633.5642292583
136195.6958533118 125106.9083982620
136030.7494202633 125501.9002715092
136030.7494202633 125106.9083982620
135865.8029872148 125765.2281870074
134876.1243889238 124843.5804827639
135865.8029872148 124580.2525672657
135700.8565541663 126028.5561025055
135700.8565541663 125238.5723560111
135700.8565541663 124843.5804827639
135700.8565541663 124448.5886095167
135535.9101211178 125633.5642292583
135535.9101211178 125106.9083982620
135206.0172550208 124975.2444405129
135206.0172550208 124580.2525672657
135041.0708219723 124053.5967362695
135041.0708219723 123658.6048630222
134876.1243889238 124448.5886095167
135370.9636880693 123921.9327785204
134711.1779558753 123921.9327785204
134711.1779558753 123790.2688207713
134711.1779558753 123131.9490320260
134546.2315228268 124185.2606940185
134381.2850897782 124053.5967362695
113268.1416595695 109702.2253416207
113268.1416595695 109833.8892993697
113268.1416595695 109965.5532571188
113433.0880926180 109438.8974261225
113598.0345256665 109833.8892993697
113762.9809587150 109307.2334683735
113927.9273917635 109702.2253416207
117061.9096196851 105357.3147359013

136360.6422863603 124843.5804827639
136195.6958533118 125106.9083982620
136030.7494202633 125896.8921447564
136030.7494202633 125501.9002715092
136030.7494202633 125370.2363137602
136030.7494202633 124975.2444405129
135700.8565541663 126028.5561025055
135700.8565541663 125238.5723560111
135700.8565541663 124843.5804827639
135700.8565541663 124448.5886095167
135535.9101211178 125633.5642292583
135535.9101211178 125106.9083982620
135206.0172550208 124975.2444405129
135206.0172550208 124580.2525672657
135041.0708219723 124053.5967362695
135041.0708219723 123658.6048630222
134876.1243889238 124843.5804827639
134876.1243889238 124448.5886095167
134876.1243889238 124316.9246517676
134711.1779558753 123921.9327785204
134711.1779558753 123790.2688207713
134711.1779558753 123131.9490320260
134546.2315228268 124185.2606940185
134381.2850897782 124053.5967362695
134381.2850897782 123658.6048630222
134381.2850897782 123263.6129897750
113268.1416595695 109702.2253416207
113268.1416595695 109833.8892993697
113268.1416595695 109965.5532571188
113433.0880926180 109438.8974261225
113598.0345256665 109833.8892993697
113762.9809587150 109307.2334683735
113927.9273917635 109702.2253416207
117061.9096196851 105357.3147359013

134381.2850897782 123263.6129897750
134381.2850897782 123658.6048630222
134381.2850897782 124053.5967362695
134546.2315228268 124185.2606940185
134711.1779558753 123131.9490320260
134711.1779558753 123790.2688207713
134711.1779558753 123921.9327785204
134876.1243889238 124316.9246517676
134876.1243889238 124448.5886095167
134876.1243889238 124843.5804827639
135041.0708219723 123658.6048630222
135041.0708219723 124053.5967362695
135206.0172550208 124580.2525672657
135206.0172550208 124975.2444405129
135370.9636880693 124711.9165250148
136195.6958533118 125633.5642292583
136195.6958533118 125106.9083982620
136030.7494202633 125501.9002715092
136030.7494202633 125106.9083982620
135865.8029872148 125765.2281870074
135865.8029872148 124580.2525672657
135700.8565541663 126028.5561025055
135700.8565541663 125238.5723560111
135700.8565541663 124843.5804827639
135700.8565541663 124448.5886095167
135535.9101211178 125633.5642292583
113268.1416595695 109570.5613838716
113268.1416595695 109702.2253416207
113268.1416595695 109833.8892993697
113268.1416595695 109965.5532571188
113433.0880926180 109702.2253416207
113433.0880926180 109833.8892993697
117061.9096196851 105357.3147359013
113927.9273917635 109702.2253416207

134381.2850897782 123263.6129897750
134381.2850897782 123658.6048630222
134381.2850897782 124053.5967362695
134546.2315228268 124185.2606940185
134711.1779558753 123131.9490320260
134711.1779558753 123790.2688207713
134711.1779558753 123921.9327785204
134876.1243889238 124316.9246517676
134876.1243889238 124448.5886095167
134876.1243889238 124843.5804827639
135041.0708219723 123658.6048630222
135041.0708219723 124053.5967362695
135206.0172550208 124580.2525672657
135206.0172550208 124975.2444405129
136195.6958533118 125633.5642292583
136195.6958533118 125106.9083982620
136030.7494202633 125501.9002715092
136030.7494202633 125106.9083982620
135865.8029872148 125765.2281870074
135865.8029872148 124580.2525672657
135700.8565541663 126028.5561025055
135535.9101211178 125633.5642292583
135535.9101211178 125106.9083982620
135535.9101211178 124843.5804827639
135535.9101211178 124316.9246517676
135370.9636880693 124711.9165250148
113268.1416595695 109570.5613838716
113268.1416595695 109702.2253416207
113268.1416595695 109833.8892993697
113268.1416595695 109965.5532571188
113433.0880926180 109833.8892993697
113598.0345256665 109438.8974261225
113598.0345256665 109833.8892993697
113433.0880926180 109702.2253416207

136195.6958533118 125633.5642292583
136195.6958533118 125106.9083982620
136030.7494202633 125501.9002715092
136030.7494202633 125106.9083982620
135865.8029872148 125765.2281870074
135865.8029872148 124580.2525672657
135700.8565541663 126028.5561025055
135700.8565541663 125238.5723560111
135700.8565541663 124843.5804827639
135700.8565541663 124448.5886095167
135535.9101211178 125633.5642292583
135535.9101211178 125106.9083982620
135206.0172550208 124975.2444405129
135206.0172550208 124580.2525672657
135041.0708219723 124053.5967362695
135041.0708219723 123658.6048630222
134876.1243889238 124843.5804827639
134876.1243889238 124448.5886095167
134876.1243889238 124316.9246517676
134711.1779558753 123921.9327785204
134711.1779558753 123790.2688207713
134711.1779558753 123131.9490320260
134546.2315228268 124185.2606940185
134381.2850897782 124053.5967362695
134381.2850897782 123658.6048630222
134381.2850897782 123263.6129897750
113268.1416595695 109570.5613838716
113268.1416595695 109702.2253416207
113268.1416595695 109833.8892993697
113268.1416595695 109965.5532571188
117061.9096196851 105357.3147359013
113433.0880926180 109833.8892993697
113598.0345256665 109438.8974261225
113598.0345256665 109833.8892993697

136195.6958533118 125633.5642292583
136195.6958533118 125106.9083982620
136030.7494202633 125501.9002715092
136030.7494202633 125106.9083982620
135865.8029872148 125765.2281870074
135865.8029872148 124580.2525672657
135700.8565541663 126028.5561025055
135700.8565541663 125238.5723560111
135700.8565541663 124843.5804827639
135700.8565541663 124448.5886095167
135535.9101211178 125633.5642292583
135535.9101211178 125106.9083982620
135206.0172550208 124975.2444405129
135206.0172550208 124580.2525672657
135041.0708219723 124053.5967362695
135041.0708219723 123658.6048630222
134876.1243889238 124843.5804827639
134876.1243889238 124448.5886095167
134876.1243889238 124316.9246517676
134711.1779558753 123921.9327785204
134711.1779558753 123790.2688207713
134711.1779558753 123131.9490320260
134546.2315228268 124185.2606940185
134381.2850897782 124053.5967362695
134381.2850897782 123658.6048630222
134381.2850897782 123263.6129897750
113268.1416595695 109702.2253416207
113268.1416595695 109833.8892993697
113268.1416595695 109965.5532571188
113433.0880926180 109438.8974261225
113598.0345256665 109833.8892993697
113762.9809587150 109307.2334683735
117061.9096196851 105357.3147359013
113433.0880926180 109833.8892993697

133886.4457906327 123790.2688207713
134051.3922236813 123526.9409052732
134051.3922236813 124316.9246517676
134216.3386567298 122868.6211165278
134216.3386567298 124711.9165250148
134381.2850897782 123263.6129897750
138504.9459159909 122473.6292432806
138339.9994829424 122078.6373700334
138175.0530498939 122605.2932010297
138010.1066168454 121551.9815390371
137515.2673176999 120893.6617502917
136525.5887194088 125370.2363137602
136525.5887194088 124580.2525672657
136360.6422863603 124843.5804827639
136030.7494202633 125896.8921447564
135700.8565541663 126028.5561025055
135700.8565541663 125238.5723560111
135700.8565541663 123658.6048630222
135370.9636880693 126160.2200602546
135370.9636880693 124316.9246517676
135370.9636880693 122736.9571587787
135206.0172550208 125370.2363137602
135206.0172550208 124975.2444405129
135206.0172550208 124580.2525672657
135041.0708219723 123658.6048630222
134876.1243889238 122868.6211165278
113268.1416595695 109965.5532571188
113433.0880926180 109438.8974261225
113598.0345256665 109833.8892993697
113762.9809587150 109307.2334683735
114092.8738248120 109175.5695106244
117061.9096196851 105357.3147359013
116896.9631866366 105620.6426513995
114257.8202578605 108912.2415951262

136195.6958533118 125633.5642292583
136195.6958533118 125106.9083982620
136030.7494202633 125501.9002715092
136030.7494202633 125106.9083982620
135865.8029872148 125765.2281870074
135865.8029872148 124580.2525672657
135700.8565541663 126028.5561025055
135700.8565541663 125238.5723560111
135535.9101211178 125106.9083982620
135535.9101211178 124843.5804827639
135535.9101211178 124316.9246517676
135370.9636880693 124711.9165250148
135206.0172550208 124580.2525672657
135206.0172550208 124053.5967362695
135041.0708219723 124053.5967362695
135041.0708219723 123658.6048630222
134876.1243889238 124448.5886095167
134876.1243889238 124316.9246517676
134711.1779558753 124711.9165250148
134711.1779558753 123921.9327785204
134711.1779558753 123790.2688207713
134711.1779558753 123131.9490320260
134546.2315228268 124185.2606940185
134381.2850897782 124053.5967362695
134381.2850897782 123658.6048630222
134381.2850897782 123263.6129897750
113268.1416595695 109702.2253416207
113268.1416595695 109833.8892993697
113268.1416595695 109965.5532571188
113433.0880926180 109438.8974261225
113433.0880926180 109702.2253416207
113433.0880926180 109833.8892993697
113598.0345256665 109833.8892993697
113598.0345256665 109438.8974261225

132072.0350270992 126028.5561025055
133886.4457906327 116548.7511445724
133886.4457906327 116943.7430178196
134381.2850897782 123263.6129897750
134381.2850897782 126818.5398489999
134711.1779558753 117865.3907220631
134711.1779558753 122736.9571587787
134711.1779558753 126686.8758912509
134876.1243889238 126291.8840180037
135041.0708219723 126028.5561025055
135206.0172550208 122605.2932010297
135535.9101211178 122341.9652855315
135700.8565541663 123658.6048630222
135700.8565541663 125238.5723560111
135700.8565541663 126028.5561025055
136030.7494202633 125896.8921447564
136360.6422863603 124843.5804827639
136525.5887194088 125370.2363137602
136690.5351524574 120103.6780037973
138504.9459159909 122473.6292432806
138339.9994829424 122078.6373700334
138175.0530498939 122605.2932010297
138010.1066168454 122868.6211165278
138010.1066168454 121551.9815390371
137845.1601837969 123131.9490320260
137515.2673176999 120893.6617502917
115907.2845883456 104698.9949471560
115247.4988561515 103514.0193274143
114422.7666909090 102065.7157921745
114257.8202578605 102329.0437076727
114092.8738248120 101539.0599611782
113927.9273917635 109438.8974261225
113927.9273917635 101144.0680879310
113598.0345256665 100617.4122569347

136195.6958533118 125633.5642292583
136195.6958533118 125106.9083982620
136030.7494202633 125501.9002715092
136030.7494202633 125106.9083982620
135865.8029872148 125765.2281870074
135865.8029872148 124580.2525672657
135370.9636880693 125370.2363137602
135700.8565541663 125238.5723560111
135700.8565541663 124843.5804827639
135700.8565541663 124448.5886095167
135535.9101211178 125633.5642292583
135535.9101211178 125106.9083982620
135206.0172550208 124975.2444405129
135206.0172550208 124580.2525672657
135041.0708219723 124053.5967362695
135041.0708219723 123658.6048630222
134876.1243889238 124843.5804827639
134876.1243889238 124448.5886095167
134876.1243889238 124316.9246517676
134711.1779558753 123921.9327785204
134711.1779558753 123790.2688207713
134711.1779558753 123131.9490320260
134546.2315228268 124185.2606940185
134381.2850897782 124053.5967362695
134381.2850897782 123658.6048630222
134381.2850897782 123263.6129897750
113268.1416595695 109570.5613838716
113268.1416595695 109702.2253416207
113268.1416595695 109833.8892993697
113268.1416595695 109965.5532571188
113598.0345256665 109833.8892993697
113598.0345256665 109438.8974261225
113433.0880926180 109833.8892993697
113433.0880926180 109702.2253416207

131907.0885940507 128398.5073419888
132072.0350270992 126028.5561025055
138504.9459159909 122473.6292432806
138339.9994829424 122078.6373700334
138175.0530498939 122605.2932010297
138010.1066168454 122868.6211165278
138010.1066168454 121551.9815390371
137845.1601837969 123131.9490320260
137515.2673176999 120893.6617502917
136690.5351524574 120103.6780037973
136525.5887194088 125370.2363137602
136360.6422863603 124843.5804827639
136030.7494202633 125896.8921447564
135700.8565541663 126028.5561025055
135700.8565541663 125238.5723560111
135700.8565541663 123658.6048630222
135535.9101211178 122341.9652855315
135206.0172550208 122605.2932010297
135041.0708219723 126028.5561025055
134876.1243889238 126291.8840180037
134711.1779558753 126686.8758912509
134711.1779558753 122736.9571587787
133061.7136253902 127476.8596377453
134381.2850897782 123263.6129897750
130422.5706966141 131031.7864969702
133886.4457906327 116548.7511445724
113598.0345256665 100617.4122569347
113927.9273917635 101144.0680879310
114092.8738248120 101539.0599611782
114257.8202578605 102329.0437076727
114422.7666909090 102065.7157921745
115082.5524231030 103119.0274541671
115247.4988561515 103514.0193274143
115907.2845883456 104698.9949471560

136195.6958533118 125633.5642292583
136195.6958533118 125106.9083982620
136030.7494202633 125501.9002715092
136030.7494202633 125106.9083982620
135865.8029872148 125765.2281870074
135865.8029872148 124580.2525672657
135700.8565541663 126028.5561025055
135700.8565541663 125238.5723560111
135535.9101211178 125106.9083982620
135535.9101211178 124843.5804827639
135535.9101211178 124316.9246517676
135370.9636880693 124711.9165250148
135206.0172550208 124580.2525672657
135206.0172550208 124053.5967362695
135041.0708219723 124053.5967362695
135041.0708219723 123658.6048630222
134876.1243889238 124448.5886095167
134876.1243889238 124316.9246517676
134711.1779558753 124711.9165250148
134711.1779558753 123921.9327785204
134711.1779558753 123790.2688207713
134711.1779558753 123131.9490320260
134546.2315228268 124185.2606940185
134381.2850897782 124053.5967362695
134381.2850897782 123658.6048630222
134381.2850897782 123263.6129897750
113268.1416595695 109570.5613838716
113268.1416595695 109702.2253416207
113268.1416595695 109833.8892993697
113268.1416595695 109965.5532571188
113433.0880926180 109702.2253416207
113433.0880926180 109833.8892993697
113598.0345256665 109438.8974261225
113598.0345256665 109833.8892993697

134051.3922236813 124316.9246517676
134381.2850897782 123263.6129897750
134381.2850897782 123658.6048630222
134381.2850897782 124053.5967362695
134546.2315228268 124185.2606940185
134546.2315228268 124580.2525672657
134711.1779558753 123131.9490320260
134711.1779558753 123921.9327785204
134876.1243889238 122868.6211165278
135041.0708219723 123658.6048630222
135206.0172550208 124185.2606940185
135206.0172550208 124580.2525672657
135206.0172550208 124975.2444405129
135206.0172550208 125370.2363137602
138010.1066168454 121551.9815390371
136525.5887194088 125370.2363137602
136360.6422863603 124843.5804827639
136195.6958533118 125106.9083982620
136030.7494202633 125896.8921447564
136030.7494202633 125501.9002715092
136030.7494202633 124316.9246517676
135700.8565541663 126028.5561025055
135700.8565541663 125238.5723560111
135700.8565541663 124843.5804827639
135700.8565541663 124448.5886095167
135370.9636880693 124316.9246517676
113268.1416595695 109833.8892993697
113268.1416595695 109965.5532571188
117061.9096196851 105357.3147359013
113927.9273917635 109702.2253416207
113762.9809587150 109307.2334683735
113598.0345256665 109833.8892993697
113433.0880926180 109438.8974261225
113268.1416595695 109702.2253416207

136195.6958533118 125633.5642292583
136195.6958533118 125106.9083982620
136030.7494202633 125501.9002715092
136030.7494202633 125106.9083982620
135865.8029872148 125765.2281870074
135865.8029872148 124580.2525672657
135700.8565541663 126028.5561025055
135700.8565541663 125238.5723560111
135700.8565541663 124843.5804827639
135700.8565541663 124448.5886095167
135535.9101211178 125633.5642292583
135535.9101211178 125106.9083982620
135206.0172550208 124975.2444405129
135206.0172550208 124580.2525672657
135041.0708219723 124053.5967362695
135041.0708219723 123658.6048630222
134876.1243889238 124843.5804827639
134876.1243889238 124448.5886095167
134876.1243889238 124316.9246517676
134711.1779558753 123921.9327785204
134711.1779558753 123790.2688207713
134711.1779558753 123131.9490320260
134546.2315228268 124185.2606940185
134381.2850897782 124053.5967362695
134381.2850897782 123658.6048630222
134381.2850897782 123263.6129897750
113268.1416595695 109702.2253416207
113268.1416595695 109833.8892993697
113268.1416595695 109965.5532571188
113433.0880926180 109438.8974261225
113598.0345256665 109833.8892993697
117061.9096196851 105357.3147359013
113927.9273917635 109702.2253416207
113433.0880926180 109833.8892993697

131907.0885940507 128398.5073419888
132072.0350270992 126028.5561025055
138504.9459159909 122473.6292432806
138339.9994829424 122078.6373700334
138175.0530498939 122605.2932010297
138010.1066168454 122868.6211165278
138010.1066168454 121551.9815390371
137845.1601837969 123131.9490320260
137515.2673176999 120893.6617502917
136690.5351524574 120103.6780037973
136525.5887194088 125370.2363137602
136360.6422863603 124843.5804827639
136030.7494202633 125896.8921447564
135700.8565541663 126028.5561025055
135700.8565541663 125238.5723560111
135700.8565541663 123658.6048630222
135535.9101211178 122341.9652855315
135206.0172550208 122605.2932010297
135041.0708219723 126028.5561025055
134876.1243889238 126291.8840180037
134711.1779558753 126686.8758912509
134711.1779558753 122736.9571587787
134381.2850897782 126818.5398489999
134381.2850897782 123263.6129897750
130422.5706966141 131031.7864969702
133886.4457906327 116548.7511445724
113598.0345256665 100617.4122569347
113927.9273917635 101144.0680879310
114092.8738248120 101539.0599611782
114257.8202578605 102329.0437076727
114422.7666909090 102065.7157921745
115082.5524231030 103119.0274541671
115247.4988561515 103514.0193274143
115907.2845883456 104698.9949471560

136195.6958533118 125633.5642292583
136195.6958533118 125106.9083982620
136030.7494202633 125501.9002715092
136030.7494202633 125106.9083982620
135865.8029872148 125765.2281870074
135865.8029872148 124580.2525672657
135700.8565541663 126028.5561025055
135700.8565541663 125238.5723560111
135700.8565541663 124843.5804827639
135700.8565541663 124448.5886095167
135535.9101211178 125633.5642292583
135535.9101211178 125106.9083982620
135206.0172550208 124975.2444405129
135206.0172550208 124580.2525672657
135041.0708219723 124053.5967362695
135041.0708219723 123658.6048630222
134876.1243889238 124843.5804827639
134876.1243889238 124448.5886095167
134876.1243889238 124316.9246517676
134711.1779558753 123921.9327785204
134711.1779558753 123790.2688207713
134711.1779558753 123131.9490320260
134546.2315228268 124185.2606940185
134381.2850897782 124053.5967362695
134381.2850897782 123658.6048630222
134381.2850897782 123263.6129897750
113268.1416595695 109570.5613838716
113268.1416595695 109702.2253416207
113268.1416595695 109833.8892993697
113268.1416595695 109965.5532571188
117061.9096196851 105357.3147359013
113927.9273917635 109702.2253416207
113762.9809587150 109307.2334683735
113598.0345256665 109833.8892993697

131907.0885940507 128398.5073419888
132072.0350270992 126028.5561025055
138504.9459159909 122473.6292432806
138339.9994829424 122078.6373700334
138175.0530498939 122605.2932010297
138010.1066168454 122868.6211165278
138010.1066168454 121551.9815390371
137845.1601837969 123131.9490320260
137515.2673176999 120893.6617502917
136690.5351524574 120103.6780037973
136525.5887194088 125370.2363137602
136360.6422863603 124843.5804827639
136030.7494202633 125896.8921447564
135700.8565541663 126028.5561025055
135700.8565541663 125238.5723560111
135700.8565541663 123658.6048630222
135535.9101211178 122341.9652855315
135206.0172550208 122605.2932010297
135041.0708219723 126028.5561025055
134876.1243889238 126291.8840180037
134711.1779558753 126686.8758912509
134711.1779558753 122736.9571587787
134381.2850897782 126818.5398489999
134381.2850897782 123263.6129897750
133886.4457906327 116943.7430178196
133886.4457906327 116548.7511445724
113598.0345256665 100617.4122569347
113927.9273917635 101144.0680879310
114092.8738248120 101539.0599611782
114257.8202578605 102329.0437076727
114422.7666909090 102065.7157921745
115082.5524231030 103119.0274541671
115247.4988561515 103514.0193274143
115907.2845883456 104698.9949471560

138504.9459159909 122473.6292432806
138339.9994829424 122078.6373700334
138175.0530498939 122605.2932010297
138010.1066168454 121551.9815390371
137515.2673176999 120893.6617502917
136525.5887194088 125370.2363137602
136360.6422863603 124843.5804827639
136195.6958533118 125501.9002715092
136030.7494202633 125896.8921447564
135700.8565541663 126028.5561025055
135700.8565541663 125238.5723560111
135700.8565541663 123658.6048630222
135370.9636880693 126160.2200602546
135370.9636880693 124316.9246517676
135370.9636880693 122736.9571587787
135206.0172550208 125370.2363137602
135206.0172550208 124975.2444405129
135206.0172550208 124580.2525672657
135041.0708219723 123658.6048630222
134876.1243889238 122868.6211165278
134711.1779558753 123921.9327785204
134711.1779558753 123131.9490320260
134381.2850897782 124053.5967362695
134381.2850897782 123658.6048630222
134381.2850897782 123263.6129897750
134051.3922236813 124316.9246517676
113268.1416595695 109833.8892993697
113268.1416595695 109965.5532571188
113433.0880926180 109438.8974261225
113598.0345256665 109833.8892993697
113762.9809587150 109307.2334683735
114092.8738248120 109175.5695106244
117061.9096196851 105357.3147359013
116896.9631866366 105620.6426513995

133886.4457906327 123790.2688207713
134051.3922236813 123526.9409052732
134051.3922236813 124316.9246517676
138504.9459159909 122473.6292432806
138339.9994829424 122078.6373700334
138175.0530498939 122605.2932010297
138010.1066168454 121551.9815390371
137515.2673176999 120893.6617502917
136525.5887194088 125370.2363137602
136525.5887194088 124580.2525672657
136360.6422863603 124843.5804827639
136030.7494202633 125896.8921447564
135700.8565541663 126028.5561025055
135700.8565541663 125238.5723560111
135700.8565541663 123658.6048630222
135370.9636880693 126160.2200602546
135370.9636880693 124316.9246517676
135370.9636880693 122736.9571587787
135206.0172550208 125370.2363137602
135206.0172550208 124975.2444405129
135206.0172550208 124580.2525672657
135041.0708219723 123658.6048630222
134876.1243889238 122868.6211165278
134381.2850897782 123263.6129897750
134216.3386567298 124711.9165250148
134216.3386567298 122868.6211165278
113268.1416595695 109965.5532571188
113433.0880926180 109438.8974261225
113598.0345256665 109833.8892993697
113762.9809587150 109307.2334683735
114092.8738248120 109175.5695106244
114257.8202578605 108912.2415951262
117061.9096196851 105357.3147359013
116896.9631866366 105620.6426513995

134381.2850897782 123263.6129897750
134381.2850897782 123658.6048630222
134381.2850897782 124053.5967362695
134546.2315228268 124185.2606940185
134711.1779558753 123131.9490320260
134711.1779558753 123790.2688207713
134711.1779558753 123921.9327785204
134876.1243889238 124316.9246517676
134876.1243889238 124448.5886095167
135041.0708219723 123658.6048630222
135041.0708219723 124053.5967362695
135206.0172550208 124580.2525672657
135206.0172550208 124975.2444405129
136195.6958533118 125633.5642292583
136195.6958533118 125106.9083982620
136030.7494202633 125501.9002715092
136030.7494202633 125106.9083982620
135865.8029872148 125765.2281870074
135865.8029872148 124580.2525672657
135700.8565541663 126028.5561025055
135700.8565541663 125238.5723560111
135535.9101211178 125633.5642292583
135535.9101211178 125106.9083982620
135535.9101211178 124843.5804827639
135535.9101211178 124316.9246517676
135370.9636880693 124711.9165250148
113268.1416595695 109702.2253416207
113268.1416595695 109833.8892993697
113268.1416595695 109965.5532571188
113433.0880926180 109438.8974261225
113598.0345256665 109833.8892993697
113762.9809587150 109307.2334683735
117061.9096196851 105357.3147359013
113927.9273917635 109702.2253416207

136195.6958533118 125633.5642292583
136195.6958533118 125106.9083982620
136030.7494202633 125501.9002715092
136030.7494202633 125106.9083982620
135865.8029872148 125765.2281870074
135865.8029872148 124580.2525672657
135700.8565541663 126028.5561025055
135700.8565541663 125238.5723560111
134711.1779558753 124711.9165250148
135535.9101211178 125106.9083982620
135535.9101211178 124843.5804827639
135535.9101211178 124316.9246517676
135370.9636880693 124711.9165250148
135206.0172550208 124580.2525672657
135206.0172550208 124053.5967362695
135041.0708219723 124053.5967362695
135041.0708219723 123658.6048630222
134876.1243889238 124448.5886095167
134876.1243889238 124316.9246517676
134711.1779558753 123921.9327785204
134711.1779558753 123790.2688207713
134711.1779558753 123131.9490320260
134546.2315228268 124185.2606940185
134381.2850897782 124053.5967362695
134381.2850897782 123658.6048630222
134381.2850897782 123263.6129897750
113268.1416595695 109965.5532571188
113433.0880926180 109438.8974261225
113598.0345256665 109833.8892993697
117061.9096196851 105357.3147359013
113927.9273917635 109702.2253416207
113762.9809587150 109307.2334683735
113268.1416595695 109833.8892993697
113268.1416595695 109702.2253416207

132072.0350270992 126028.5561025055
138504.9459159909 122473.6292432806
138339.9994829424 122078.6373700334
138175.0530498939 122605.2932010297
138010.1066168454 122868.6211165278
138010.1066168454 121551.9815390371
137845.1601837969 123131.9490320260
137515.2673176999 120893.6617502917
136690.5351524574 120103.6780037973
136525.5887194088 125370.2363137602
136360.6422863603 124843.5804827639
136030.7494202633 125896.8921447564
135700.8565541663 126028.5561025055
135700.8565541663 125238.5723560111
135700.8565541663 123658.6048630222
135535.9101211178 122341.9652855315
135206.0172550208 122605.2932010297
135041.0708219723 126028.5561025055
134876.1243889238 126291.8840180037
134711.1779558753 126686.8758912509
134711.1779558753 122736.9571587787
134381.2850897782 126818.5398489999
134381.2850897782 123263.6129897750
133886.4457906327 116943.7430178196
133886.4457906327 116548.7511445724
133061.7136253902 115758.7673980780
113268.1416595695 109833.8892993697
113927.9273917635 101144.0680879310
113927.9273917635 109438.8974261225
114092.8738248120 101539.0599611782
114257.8202578605 102329.0437076727
114422.7666909090 102065.7157921745
115907.2845883456 104698.9949471560
115247.4988561515 103514.0193274143

132072.0350270992 126028.5561025055
133061.7136253902 115758.7673980780
133886.4457906327 116548.7511445724
133886.4457906327 116943.7430178196
134381.2850897782 123263.6129897750
134381.2850897782 126818.5398489999
134711.1779558753 122736.9571587787
134711.1779558753 126686.8758912509
134876.1243889238 126291.8840180037
135041.0708219723 126028.5561025055
135206.0172550208 122605.2932010297
135535.9101211178 122341.9652855315
135700.8565541663 123658.6048630222
135700.8565541663 125238.5723560111
135700.8565541663 126028.5561025055
136030.7494202633 125896.8921447564
136360.6422863603 124843.5804827639
136525.5887194088 125370.2363137602
136690.5351524574 120103.6780037973
138504.9459159909 122473.6292432806
138339.9994829424 122078.6373700334
138175.0530498939 122605.2932010297
138010.1066168454 122868.6211165278
138010.1066168454 121551.9815390371
137845.1601837969 123131.9490320260
137515.2673176999 120893.6617502917
113433.0880926180 109438.8974261225
113598.0345256665 109833.8892993697
113762.9809587150 109307.2334683735
114257.8202578605 108912.2415951262
117061.9096196851 105357.3147359013
116896.9631866366 105620.6426513995
116237.1774544426 105620.6426513995
115577.3917222486 106015.6345246467

133061.7136253902 115758.7673980780
133556.5529245357 124448.5886095167
133886.4457906327 123395.2769475241
134381.2850897782 123263.6129897750
134381.2850897782 124053.5967362695
134381.2850897782 126818.5398489999
134711.1779558753 122736.9571587787
134711.1779558753 126686.8758912509
134876.1243889238 126291.8840180037
135041.0708219723 126028.5561025055
135206.0172550208 122605.2932010297
135535.9101211178 122341.9652855315
135700.8565541663 123658.6048630222
135700.8565541663 125238.5723560111
135700.8565541663 126028.5561025055
136030.7494202633 125896.8921447564
136360.6422863603 124843.5804827639
136525.5887194088 125370.2363137602
136690.5351524574 120103.6780037973
137515.2673176999 120893.6617502917
137845.1601837969 123131.9490320260
138010.1066168454 121551.9815390371
138010.1066168454 122868.6211165278
138175.0530498939 122605.2932010297
138339.9994829424 122078.6373700334
138504.9459159909 122473.6292432806
113268.1416595695 109965.5532571188
113433.0880926180 109438.8974261225
113598.0345256665 109833.8892993697
113762.9809587150 109307.2334683735
117061.9096196851 105357.3147359013
116896.9631866366 105620.6426513995
114257.8202578605 108912.2415951262
114092.8738248120 109175.5695106244

138504.9459159909 122473.6292432806
138339.9994829424 122078.6373700334
138175.0530498939 122605.2932010297
138010.1066168454 122868.6211165278
138010.1066168454 121551.9815390371
137845.1601837969 123131.9490320260
137515.2673176999 120893.6617502917
136690.5351524574 120103.6780037973
136525.5887194088 125370.2363137602
136360.6422863603 124843.5804827639
136030.7494202633 125896.8921447564
135700.8565541663 126028.5561025055
135700.8565541663 125238.5723560111
135700.8565541663 123658.6048630222
135535.9101211178 122341.9652855315
135206.0172550208 122605.2932010297
135041.0708219723 126028.5561025055
134876.1243889238 126291.8840180037
134711.1779558753 126686.8758912509
134711.1779558753 122736.9571587787
134381.2850897782 126818.5398489999
134381.2850897782 123263.6129897750
134051.3922236813 124316.9246517676
133886.4457906327 123790.2688207713
133886.4457906327 123395.2769475241
133886.4457906327 116943.7430178196
113268.1416595695 109965.5532571188
117061.9096196851 105357.3147359013
116896.9631866366 105620.6426513995
116237.1774544426 105620.6426513995
114257.8202578605 108912.2415951262
113762.9809587150 109307.2334683735
113598.0345256665 109833.8892993697
113433.0880926180 109438.8974261225

134381.2850897782 123263.6129897750
134381.2850897782 123658.6048630222
134381.2850897782 124053.5967362695
136195.6958533118 125633.5642292583
136195.6958533118 125106.9083982620
136030.7494202633 125501.9002715092
136030.7494202633 125106.9083982620
135865.8029872148 125765.2281870074
135865.8029872148 124580.2525672657
135700.8565541663 126028.5561025055
135700.8565541663 125238.5723560111
135535.9101211178 125633.5642292583
135535.9101211178 125106.9083982620
135535.9101211178 124843.5804827639
135535.9101211178 124316.9246517676
135370.9636880693 124711.9165250148
135206.0172550208 124580.2525672657
135206.0172550208 124053.5967362695
135041.0708219723 124053.5967362695
135041.0708219723 123658.6048630222
134876.1243889238 124448.5886095167
134876.1243889238 124316.9246517676
134711.1779558753 123921.9327785204
134711.1779558753 123790.2688207713
134711.1779558753 123131.9490320260
134546.2315228268 124185.2606940185
113268.1416595695 109702.2253416207
113268.1416595695 109833.8892993697
113268.1416595695 109965.5532571188
113433.0880926180 109438.8974261225
113598.0345256665 109833.8892993697
113762.9809587150 109307.2334683735
113927.9273917635 109702.2253416207
117061.9096196851 105357.3147359013

130092.6778305171 132085.0981589628
130422.5706966141 131163.4504547193
130917.4099957596 129451.8190039814
131247.3028618566 128793.4992152360
131247.3028618566 130900.1225392212
131577.1957279537 130636.7946237230
131742.1421610021 128003.5154687416
131742.1421610021 129451.8190039814
131907.0885940507 128398.5073419888
132566.8743262447 127081.8677644981
132566.8743262447 127871.8515109925
132731.8207592932 129320.1550462323
138504.9459159909 122473.6292432806
138339.9994829424 122078.6373700334
138175.0530498939 122605.2932010297
132236.9814601477 127213.5317222472
138010.1066168454 121551.9815390371
137515.2673176999 120893.6617502917
136690.5351524574 124580.2525672657
136525.5887194088 125370.2363137602
136360.6422863603 124843.5804827639
136030.7494202633 125896.8921447564
135700.8565541663 126028.5561025055
135700.8565541663 125238.5723560111
135700.8565541663 123658.6048630222
135700.8565541663 122605.2932010297
113598.0345256665 100617.4122569347
113927.9273917635 101144.0680879310
114092.8738248120 101539.0599611782
114257.8202578605 102329.0437076727
114422.7666909090 102065.7157921745
115082.5524231030 103119.0274541671
115247.4988561515 103514.0193274143
115907.2845883456 104698.9949471560

130917.4099957596 129451.8190039814
131247.3028618566 128793.4992152360
131412.2492949052 130505.1306659739
131907.0885940507 128398.5073419888
138504.9459159909 122473.6292432806
138339.9994829424 122078.6373700334
138175.0530498939 122605.2932010297
138010.1066168454 122868.6211165278
138010.1066168454 121551.9815390371
137845.1601837969 123131.9490320260
137515.2673176999 120893.6617502917
136690.5351524574 120103.6780037973
136525.5887194088 125370.2363137602
136360.6422863603 124843.5804827639
136030.7494202633 125896.8921447564
135700.8565541663 126028.5561025055
135700.8565541663 125238.5723560111
135535.9101211178 122341.9652855315
135206.0172550208 122605.2932010297
135041.0708219723 126028.5561025055
134876.1243889238 126291.8840180037
134711.1779558753 126686.8758912509
134546.2315228268 123000.2850742769
134546.2315228268 122605.2932010297
134381.2850897782 126818.5398489999
134381.2850897782 123263.6129897750
113598.0345256665 100617.4122569347
113927.9273917635 101144.0680879310
114092.8738248120 101539.0599611782
114257.8202578605 102329.0437076727
114422.7666909090 102065.7157921745
115082.5524231030 103119.0274541671
115247.4988561515 103514.0193274143
115907.2845883456 104698.9949471560

134051.3922236813 124316.9246517676
134381.2850897782 123263.6129897750
134381.2850897782 123658.6048630222
134381.2850897782 124053.5967362695
134711.1779558753 123131.9490320260
134876.1243889238 122078.6373700334
134876.1243889238 122868.6211165278
138504.9459159909 122473.6292432806
138339.9994829424 122078.6373700334
138175.0530498939 122605.2932010297
138010.1066168454 121551.9815390371
137515.2673176999 120893.6617502917
136525.5887194088 125370.2363137602
136525.5887194088 124580.2525672657
136360.6422863603 124843.5804827639
136030.7494202633 125896.8921447564
135700.8565541663 126028.5561025055
135700.8565541663 125238.5723560111
135700.8565541663 123658.6048630222
135370.9636880693 126160.2200602546
135370.9636880693 124316.9246517676
135370.9636880693 122736.9571587787
135206.0172550208 125370.2363137602
135206.0172550208 124975.2444405129
135206.0172550208 124580.2525672657
135041.0708219723 123658.6048630222
113268.1416595695 109965.5532571188
113433.0880926180 109438.8974261225
117061.9096196851 105357.3147359013
116896.9631866366 105620.6426513995
114257.8202578605 108912.2415951262
114092.8738248120 109175.5695106244
113762.9809587150 109307.2334683735
113598.0345256665 109833.8892993697

133886.4457906327 123790.2688207713
134051.3922236813 123526.9409052732
134051.3922236813 124316.9246517676
134216.3386567298 122868.6211165278
134216.3386567298 124711.9165250148
134381.2850897782 123263.6129897750
138504.9459159909 122473.6292432806
138339.9994829424 122078.6373700334
138175.0530498939 122605.2932010297
138010.1066168454 121551.9815390371
137515.2673176999 120893.6617502917
136525.5887194088 125370.2363137602
136525.5887194088 124580.2525672657
136360.6422863603 124843.5804827639
136030.7494202633 125896.8921447564
135700.8565541663 126028.5561025055
135700.8565541663 125238.5723560111
135700.8565541663 123658.6048630222
135370.9636880693 126160.2200602546
135370.9636880693 124316.9246517676
135370.9636880693 122736.9571587787
135206.0172550208 125370.2363137602
135206.0172550208 124975.2444405129
135206.0172550208 124580.2525672657
135041.0708219723 123658.6048630222
134876.1243889238 122868.6211165278
113268.1416595695 109965.5532571188
113433.0880926180 109438.8974261225
113598.0345256665 109833.8892993697
113762.9809587150 109307.2334683735
114092.8738248120 109175.5695106244
114257.8202578605 108912.2415951262
117061.9096196851 105357.3147359013
116896.9631866366 105620.6426513995

136195.6958533118 125633.5642292583
136195.6958533118 125106.9083982620
136030.7494202633 125501.9002715092
136030.7494202633 125106.9083982620
135865.8029872148 125238.5723560111
135865.8029872148 125106.9083982620
135865.8029872148 124580.2525672657
135700.8565541663 125238.5723560111
135535.9101211178 125633.5642292583
135535.9101211178 125106.9083982620
135535.9101211178 124843.5804827639
135535.9101211178 124316.9246517676
135370.9636880693 124711.9165250148
135206.0172550208 124580.2525672657
135206.0172550208 124053.5967362695
135041.0708219723 124053.5967362695
135041.0708219723 123658.6048630222
134876.1243889238 124448.5886095167
134876.1243889238 124316.9246517676
134711.1779558753 123921.9327785204
134711.1779558753 123790.2688207713
134711.1779558753 123131.9490320260
134546.2315228268 124185.2606940185
134381.2850897782 124053.5967362695
134381.2850897782 123658.6048630222
134381.2850897782 123263.6129897750
113268.1416595695 109570.5613838716
113268.1416595695 109702.2253416207
113268.1416595695 109833.8892993697
113268.1416595695 109965.5532571188
113433.0880926180 109702.2253416207
113433.0880926180 109833.8892993697
113598.0345256665 109438.8974261225
113598.0345256665 109833.8892993697

132072.0350270992 126028.5561025055
133061.7136253902 116812.0790600705
133886.4457906327 116548.7511445724
133886.4457906327 116943.7430178196
134381.2850897782 123263.6129897750
134381.2850897782 126818.5398489999
134546.2315228268 122605.2932010297
134546.2315228268 123000.2850742769
134711.1779558753 126686.8758912509
134876.1243889238 126291.8840180037
135041.0708219723 126028.5561025055
135206.0172550208 122605.2932010297
135535.9101211178 122341.9652855315
135700.8565541663 125238.5723560111
135700.8565541663 126028.5561025055
136030.7494202633 125896.8921447564
136360.6422863603 124843.5804827639
136525.5887194088 125370.2363137602
136690.5351524574 120103.6780037973
137515.2673176999 120893.6617502917
138504.9459159909 122473.6292432806
138339.9994829424 122078.6373700334
138175.0530498939 122605.2932010297
138010.1066168454 122868.6211165278
138010.1066168454 121551.9815390371
137845.1601837969 123131.9490320260
115907.2845883456 104698.9949471560
115247.4988561515 103514.0193274143
115082.5524231030 103119.0274541671
114422.7666909090 102065.7157921745
114257.8202578605 102329.0437076727
114092.8738248120 101539.0599611782
113927.9273917635 101144.0680879310
113598.0345256665 100617.4122569347

134546.2315228268 123658.6048630222
136195.6958533118 125106.9083982620
136030.7494202633 125896.8921447564
136030.7494202633 125501.9002715092
135865.8029872148 125238.5723560111
135865.8029872148 125106.9083982620
135865.8029872148 124580.2525672657
135700.8565541663 125238.5723560111
135535.9101211178 125633.5642292583
135535.9101211178 125106.9083982620
135535.9101211178 124843.5804827639
135535.9101211178 124316.9246517676
135370.9636880693 124711.9165250148
135206.0172550208 124975.2444405129
135206.0172550208 124580.2525672657
135206.0172550208 124053.5967362695
135041.0708219723 124053.5967362695
135041.0708219723 123658.6048630222
134876.1243889238 124448.5886095167
134876.1243889238 124316.9246517676
134711.1779558753 123921.9327785204
134711.1779558753 123790.2688207713
134711.1779558753 123131.9490320260
134546.2315228268 124185.2606940185
134381.2850897782 124053.5967362695
134381.2850897782 123658.6048630222
113268.1416595695 109570.5613838716
113268.1416595695 109702.2253416207
113268.1416595695 109833.8892993697
113268.1416595695 109965.5532571188
113433.0880926180 109702.2253416207
113433.0880926180 109833.8892993697
113598.0345256665 109438.8974261225
113598.0345256665 109833.8892993697

134051.3922236813 124316.9246517676
134381.2850897782 123263.6129897750
134381.2850897782 123658.6048630222
134381.2850897782 124053.5967362695
134546.2315228268 124185.2606940185
134546.2315228268 124580.2525672657
134711.1779558753 123131.9490320260
134711.1779558753 123921.9327785204
134876.1243889238 122868.6211165278
134876.1243889238 124316.9246517676
135041.0708219723 123658.6048630222
135206.0172550208 124185.2606940185
135206.0172550208 124580.2525672657
135206.0172550208 125370.2363137602
135370.9636880693 123921.9327785204
135700.8565541663 124843.5804827639
135700.8565541663 125238.5723560111
135700.8565541663 126028.5561025055
136030.7494202633 124316.9246517676
136030.7494202633 125501.9002715092
136030.7494202633 125896.8921447564
136195.6958533118 125106.9083982620
136360.6422863603 124843.5804827639
138010.1066168454 121551.9815390371
136525.5887194088 125370.2363137602
135700.8565541663 124448.5886095167
113268.1416595695 109833.8892993697
113268.1416595695 109965.5532571188
117061.9096196851 105357.3147359013
113927.9273917635 109702.2253416207
113762.9809587150 109307.2334683735
113598.0345256665 109833.8892993697
113433.0880926180 109438.8974261225
113268.1416595695 109702.2253416207

138504.9459159909 122473.6292432806
138339.9994829424 122078.6373700334
138175.0530498939 122605.2932010297
138010.1066168454 122868.6211165278
138010.1066168454 121551.9815390371
137845.1601837969 123131.9490320260
137515.2673176999 120893.6617502917
136690.5351524574 120103.6780037973
136525.5887194088 125370.2363137602
136360.6422863603 124843.5804827639
136030.7494202633 125896.8921447564
135700.8565541663 126028.5561025055
135700.8565541663 125238.5723560111
135700.8565541663 123658.6048630222
135535.9101211178 122341.9652855315
135206.0172550208 122605.2932010297
135041.0708219723 126028.5561025055
134876.1243889238 126291.8840180037
134876.1243889238 122868.6211165278
134711.1779558753 126686.8758912509
134381.2850897782 123263.6129897750
134216.3386567298 124711.9165250148
134216.3386567298 122868.6211165278
134051.3922236813 124316.9246517676
133886.4457906327 123790.2688207713
133886.4457906327 123395.2769475241
113268.1416595695 109965.5532571188
113433.0880926180 109438.8974261225
113598.0345256665 109833.8892993697
113762.9809587150 109307.2334683735
114092.8738248120 109175.5695106244
114257.8202578605 108912.2415951262
117061.9096196851 105357.3147359013
116896.9631866366 105620.6426513995

138504.9459159909 122473.6292432806
138339.9994829424 122078.6373700334
138175.0530498939 122605.2932010297
138010.1066168454 122868.6211165278
138010.1066168454 121551.9815390371
137845.1601837969 123131.9490320260
137515.2673176999 120893.6617502917
136690.5351524574 120103.6780037973
136525.5887194088 125370.2363137602
136360.6422863603 124843.5804827639
136030.7494202633 125896.8921447564
135700.8565541663 126028.5561025055
135700.8565541663 125238.5723560111
135700.8565541663 123658.6048630222
135535.9101211178 122341.9652855315
135206.0172550208 122605.2932010297
135041.0708219723 126028.5561025055
134876.1243889238 126291.8840180037
134876.1243889238 122868.6211165278
134711.1779558753 126686.8758912509
134381.2850897782 123263.6129897750
134216.3386567298 124711.9165250148
134216.3386567298 122868.6211165278
134051.3922236813 124316.9246517676
134051.3922236813 123526.9409052732
133886.4457906327 123790.2688207713
117061.9096196851 105357.3147359013
116896.9631866366 105620.6426513995
114257.8202578605 108912.2415951262
114092.8738248120 109175.5695106244
113762.9809587150 109307.2334683735
113598.0345256665 109833.8892993697
113433.0880926180 109438.8974261225
113268.1416595695 109965.5532571188

138504.9459159909 122473.6292432806
138339.9994829424 122078.6373700334
138175.0530498939 122605.2932010297
138010.1066168454 122868.6211165278
138010.1066168454 121551.9815390371
137845.1601837969 123131.9490320260
137515.2673176999 120893.6617502917
136690.5351524574 120103.6780037973
136525.5887194088 125370.2363137602
136360.6422863603 124843.5804827639
136030.7494202633 125896.8921447564
135700.8565541663 126028.5561025055
135700.8565541663 125238.5723560111
135700.8565541663 123658.6048630222
135535.9101211178 122341.9652855315
135206.0172550208 122605.2932010297
135041.0708219723 126028.5561025055
134876.1243889238 126291.8840180037
134876.1243889238 122868.6211165278
134711.1779558753 126686.8758912509
134381.2850897782 123263.6129897750
134216.3386567298 124711.9165250148
134216.3386567298 122868.6211165278
134051.3922236813 124316.9246517676
133886.4457906327 123790.2688207713
133886.4457906327 123395.2769475241
113268.1416595695 109965.5532571188
113433.0880926180 109438.8974261225
113598.0345256665 109833.8892993697
113762.9809587150 109307.2334683735
117061.9096196851 105357.3147359013
116896.9631866366 105620.6426513995
114257.8202578605 108912.2415951262
114092.8738248120 109175.5695106244

134381.2850897782 123263.6129897750
134381.2850897782 123658.6048630222
136195.6958533118 125633.5642292583
136195.6958533118 125106.9083982620
136030.7494202633 125501.9002715092
136030.7494202633 125106.9083982620
135865.8029872148 125765.2281870074
134876.1243889238 124843.5804827639
135865.8029872148 124580.2525672657
135700.8565541663 126028.5561025055
135700.8565541663 125238.5723560111
135700.8565541663 124843.5804827639
135700.8565541663 124448.5886095167
135535.9101211178 125633.5642292583
135535.9101211178 125106.9083982620
135206.0172550208 124975.2444405129
135206.0172550208 124580.2525672657
135041.0708219723 124053.5967362695
135041.0708219723 123658.6048630222
134876.1243889238 124448.5886095167
134876.1243889238 124316.9246517676
134711.1779558753 123921.9327785204
134711.1779558753 123790.2688207713
134711.1779558753 123131.9490320260
134546.2315228268 124185.2606940185
134381.2850897782 124053.5967362695
113268.1416595695 109702.2253416207
113268.1416595695 109833.8892993697
113268.1416595695 109965.5532571188
113433.0880926180 109438.8974261225
113598.0345256665 109833.8892993697
113762.9809587150 109307.2334683735
113927.9273917635 109702.2253416207
117061.9096196851 105357.3147359013

134051.3922236813 124316.9246517676
134381.2850897782 123263.6129897750
134381.2850897782 123658.6048630222
134381.2850897782 124053.5967362695
134711.1779558753 123131.9490320260
134876.1243889238 122868.6211165278
135041.0708219723 123658.6048630222
135206.0172550208 124580.2525672657
135206.0172550208 124975.2444405129
135206.0172550208 125370.2363137602
135370.9636880693 122736.9571587787
135370.9636880693 124316.9246517676
135370.9636880693 126160.2200602546
138504.9459159909 122473.6292432806
138339.9994829424 122078.6373700334
138175.0530498939 122605.2932010297
138010.1066168454 121551.9815390371
137515.2673176999 120893.6617502917
136525.5887194088 125370.2363137602
136525.5887194088 124580.2525672657
136360.6422863603 124843.5804827639
136030.7494202633 125896.8921447564
135700.8565541663 126028.5561025055
135700.8565541663 125238.5723560111
135700.8565541663 123658.6048630222
135535.9101211178 122341.9652855315
113268.1416595695 109965.5532571188
113433.0880926180 109438.8974261225
113598.0345256665 109833.8892993697
113762.9809587150 109307.2334683735
117061.9096196851 105357.3147359013
116896.9631866366 105620.6426513995
114257.8202578605 108912.2415951262
114092.8738248120 109175.5695106244

136195.6958533118 125633.5642292583
134546.2315228268 124580.2525672657
136030.7494202633 125501.9002715092
136030.7494202633 125106.9083982620
135865.8029872148 125765.2281870074
135865.8029872148 125106.9083982620
135865.8029872148 124580.2525672657
135700.8565541663 126028.5561025055
135700.8565541663 125238.5723560111
135700.8565541663 124843.5804827639
135700.8565541663 124448.5886095167
135535.9101211178 125633.5642292583
135535.9101211178 125106.9083982620
135206.0172550208 124975.2444405129
135206.0172550208 124580.2525672657
135041.0708219723 124053.5967362695
135041.0708219723 123658.6048630222
134876.1243889238 124448.5886095167
134876.1243889238 124316.9246517676
134711.1779558753 123921.9327785204
134711.1779558753 123790.2688207713
134711.1779558753 123131.9490320260
134546.2315228268 124185.2606940185
134381.2850897782 124053.5967362695
134381.2850897782 123658.6048630222
134381.2850897782 123263.6129897750
113268.1416595695 109702.2253416207
113268.1416595695 109833.8892993697
113268.1416595695 109965.5532571188
113433.0880926180 109438.8974261225
113433.0880926180 109833.8892993697
113598.0345256665 109833.8892993697
113927.9273917635 109702.2253416207
117061.9096196851 105357.3147359013

130257.6242635656 131690.1062857156
130422.5706966141 131163.4504547193
130917.4099957596 129451.8190039814
131247.3028618566 128793.4992152360
131577.1957279537 130636.7946237230
131742.1421610021 128003.5154687416
131742.1421610021 129451.8190039814
131907.0885940507 128398.5073419888
133061.7136253902 122868.6211165278
132731.8207592932 129320.1550462323
138504.9459159909 122473.6292432806
138339.9994829424 122078.6373700334
138175.0530498939 122605.2932010297
138010.1066168454 122868.6211165278
130092.6778305171 132085.0981589628
137515.2673176999 120893.6617502917
136690.5351524574 124580.2525672657
136525.5887194088 125370.2363137602
135370.9636880693 123131.9490320260
136030.7494202633 125896.8921447564
135700.8565541663 126028.5561025055
135700.8565541663 125238.5723560111
135700.8565541663 123658.6048630222
135700.8565541663 122605.2932010297
135370.9636880693 126160.2200602546
135370.9636880693 122078.6373700334
113598.0345256665 100617.4122569347
113927.9273917635 101144.0680879310
114092.8738248120 101539.0599611782
114257.8202578605 102329.0437076727
114422.7666909090 102065.7157921745
115082.5524231030 103119.0274541671
115247.4988561515 103514.0193274143
115907.2845883456 104698.9949471560

136195.6958533118 125106.9083982620
136030.7494202633 125896.8921447564
136030.7494202633 125501.9002715092
136030.7494202633 125370.2363137602
136030.7494202633 124975.2444405129
136030.7494202633 124316.9246517676
135865.8029872148 125765.2281870074
135865.8029872148 124580.2525672657
135700.8565541663 126028.5561025055
135700.8565541663 125238.5723560111
135700.8565541663 124843.5804827639
135700.8565541663 124448.5886095167
135535.9101211178 125633.5642292583
135206.0172550208 124975.2444405129
135206.0172550208 124580.2525672657
135041.0708219723 124053.5967362695
135041.0708219723 123658.6048630222
134876.1243889238 124448.5886095167
134876.1243889238 122868.6211165278
134711.1779558753 123921.9327785204
134711.1779558753 123790.2688207713
134711.1779558753 123131.9490320260
134546.2315228268 124580.2525672657
134381.2850897782 124053.5967362695
134381.2850897782 123658.6048630222
134381.2850897782 123263.6129897750
113268.1416595695 109965.5532571188
113433.0880926180 109438.8974261225
113598.0345256665 109833.8892993697
113762.9809587150 109307.2334683735
117061.9096196851 105357.3147359013
113927.9273917635 109702.2253416207
113268.1416595695 109833.8892993697
113268.1416595695 109702.2253416207

134381.2850897782 123263.6129897750
134381.2850897782 123658.6048630222
134381.2850897782 124053.5967362695
136195.6958533118 125633.5642292583
136195.6958533118 125106.9083982620
136030.7494202633 125501.9002715092
136030.7494202633 125106.9083982620
135865.8029872148 125238.5723560111
135865.8029872148 125106.9083982620
135865.8029872148 124580.2525672657
135700.8565541663 125238.5723560111
135535.9101211178 125633.5642292583
135535.9101211178 125106.9083982620
135535.9101211178 124843.5804827639
135535.9101211178 124316.9246517676
135370.9636880693 124711.9165250148
135206.0172550208 124580.2525672657
135206.0172550208 124053.5967362695
135041.0708219723 124053.5967362695
135041.0708219723 123658.6048630222
134876.1243889238 124448.5886095167
134876.1243889238 124316.9246517676
134711.1779558753 123921.9327785204
134711.1779558753 123790.2688207713
134711.1779558753 123131.9490320260
134546.2315228268 124185.2606940185
113268.1416595695 109702.2253416207
113268.1416595695 109833.8892993697
113268.1416595695 109965.5532571188
117061.9096196851 105357.3147359013
113927.9273917635 109702.2253416207
113598.0345256665 109833.8892993697
113433.0880926180 109833.8892993697
113433.0880926180 109438.8974261225

134381.2850897782 123263.6129897750
134381.2850897782 123658.6048630222
134381.2850897782 124053.5967362695
134546.2315228268 124185.2606940185
134711.1779558753 123131.9490320260
134711.1779558753 123790.2688207713
134711.1779558753 123921.9327785204
134876.1243889238 124316.9246517676
134876.1243889238 124448.5886095167
135041.0708219723 123658.6048630222
135041.0708219723 124053.5967362695
135206.0172550208 124053.5967362695
135206.0172550208 124580.2525672657
135370.9636880693 124711.9165250148
136195.6958533118 125633.5642292583
136195.6958533118 125106.9083982620
136030.7494202633 125501.9002715092
136030.7494202633 125106.9083982620
135865.8029872148 125106.9083982620
135700.8565541663 125238.5723560111
135700.8565541663 124448.5886095167
135535.9101211178 125633.5642292583
135535.9101211178 125106.9083982620
135535.9101211178 124843.5804827639
135535.9101211178 124316.9246517676
135206.0172550208 124975.2444405129
113268.1416595695 109702.2253416207
113268.1416595695 109833.8892993697
113268.1416595695 109965.5532571188
113433.0880926180 109438.8974261225
113433.0880926180 109702.2253416207
113433.0880926180 109833.8892993697
113598.0345256665 109833.8892993697
117061.9096196851 105357.3147359013

134051.3922236813 124316.9246517676
134381.2850897782 123263.6129897750
134381.2850897782 123658.6048630222
134381.2850897782 124053.5967362695
138504.9459159909 122473.6292432806
138339.9994829424 122078.6373700334
138175.0530498939 122605.2932010297
138010.1066168454 121551.9815390371
137515.2673176999 120893.6617502917
136525.5887194088 125370.2363137602
136525.5887194088 124580.2525672657
136360.6422863603 124843.5804827639
136030.7494202633 125896.8921447564
135700.8565541663 126028.5561025055
135700.8565541663 125238.5723560111
135700.8565541663 124448.5886095167
135700.8565541663 123658.6048630222
135370.9636880693 126160.2200602546
135370.9636880693 122736.9571587787
135206.0172550208 125370.2363137602
135206.0172550208 124975.2444405129
135206.0172550208 124580.2525672657
135041.0708219723 123658.6048630222
134876.1243889238 122868.6211165278
134711.1779558753 123921.9327785204
134711.1779558753 123131.9490320260
113268.1416595695 109965.5532571188
113433.0880926180 109438.8974261225
117061.9096196851 105357.3147359013
116896.9631866366 105620.6426513995
114257.8202578605 108912.2415951262
114092.8738248120 109175.5695106244
113762.9809587150 109307.2334683735
113598.0345256665 109833.8892993697

134051.3922236813 124316.9246517676
134216.3386567298 122868.6211165278
134216.3386567298 124711.9165250148
134381.2850897782 123263.6129897750
134381.2850897782 123658.6048630222
134381.2850897782 124053.5967362695
138504.9459159909 122473.6292432806
138339.9994829424 122078.6373700334
138175.0530498939 122605.2932010297
138010.1066168454 121551.9815390371
137515.2673176999 120893.6617502917
136525.5887194088 125370.2363137602
136525.5887194088 124580.2525672657
136360.6422863603 124843.5804827639
136030.7494202633 125896.8921447564
135700.8565541663 126028.5561025055
135700.8565541663 125238.5723560111
135700.8565541663 123658.6048630222
135370.9636880693 126160.2200602546
135370.9636880693 124316.9246517676
135370.9636880693 122736.9571587787
135206.0172550208 125370.2363137602
135206.0172550208 124975.2444405129
135206.0172550208 124580.2525672657
135041.0708219723 123658.6048630222
134876.1243889238 122868.6211165278
113268.1416595695 109965.5532571188
113433.0880926180 109438.8974261225
113598.0345256665 109833.8892993697
113762.9809587150 109307.2334683735
114092.8738248120 109175.5695106244
114257.8202578605 108912.2415951262
117061.9096196851 105357.3147359013
116896.9631866366 105620.6426513995

130257.6242635656 131690.1062857156
130422.5706966141 131163.4504547193
130917.4099957596 129451.8190039814
131247.3028618566 128793.4992152360
131577.1957279537 130636.7946237230
131742.1421610021 128003.5154687416
131742.1421610021 129451.8190039814
131907.0885940507 128398.5073419888
132566.8743262447 127871.8515109925
132731.8207592932 129320.1550462323
138504.9459159909 122473.6292432806
138339.9994829424 122078.6373700334
138175.0530498939 122605.2932010297
138010.1066168454 122868.6211165278
130092.6778305171 132085.0981589628
137515.2673176999 120893.6617502917
136690.5351524574 124580.2525672657
136525.5887194088 125370.2363137602
135370.9636880693 123131.9490320260
136030.7494202633 125896.8921447564
135700.8565541663 126028.5561025055
135700.8565541663 125238.5723560111
135700.8565541663 123658.6048630222
135700.8565541663 122605.2932010297
135370.9636880693 126160.2200602546
135370.9636880693 122078.6373700334
113598.0345256665 100617.4122569347
113927.9273917635 101144.0680879310
114092.8738248120 101539.0599611782
114257.8202578605 102329.0437076727
114422.7666909090 102065.7157921745
115082.5524231030 103119.0274541671
115247.4988561515 103514.0193274143
115907.2845883456 104698.9949471560

132072.0350270992 126028.5561025055
132566.8743262447 127871.8515109925
133061.7136253902 115758.7673980780
133886.4457906327 116548.7511445724
134381.2850897782 126818.5398489999
134546.2315228268 122078.6373700334
134546.2315228268 122605.2932010297
134546.2315228268 123000.2850742769
134711.1779558753 125896.8921447564
134711.1779558753 126686.8758912509
134876.1243889238 126291.8840180037
135535.9101211178 122341.9652855315
135535.9101211178 123921.9327785204
135535.9101211178 125501.9002715092
135700.8565541663 125238.5723560111
135700.8565541663 126028.5561025055
136360.6422863603 124843.5804827639
136525.5887194088 125370.2363137602
136690.5351524574 120103.6780037973
138504.9459159909 122473.6292432806
138339.9994829424 122078.6373700334
138175.0530498939 122605.2932010297
138010.1066168454 122868.6211165278
138010.1066168454 121551.9815390371
137845.1601837969 123131.9490320260
137515.2673176999 120893.6617502917
113268.1416595695 109833.8892993697
114092.8738248120 101539.0599611782
114257.8202578605 102329.0437076727
115907.2845883456 104698.9949471560
115247.4988561515 103514.0193274143
115082.5524231030 103119.0274541671
114422.7666909090 102065.7157921745
113927.9273917635 101144.0680879310

130257.6242635656 131690.1062857156
130422.5706966141 131163.4504547193
130917.4099957596 129451.8190039814
131247.3028618566 128793.4992152360
132401.9278931962 126950.2038067490
131742.1421610021 128003.5154687416
131742.1421610021 129451.8190039814
131907.0885940507 128398.5073419888
132566.8743262447 127871.8515109925
132731.8207592932 129320.1550462323
138504.9459159909 122473.6292432806
138339.9994829424 122078.6373700334
138175.0530498939 122605.2932010297
138010.1066168454 122868.6211165278
130092.6778305171 132085.0981589628
137515.2673176999 120893.6617502917
136690.5351524574 124580.2525672657
136525.5887194088 125370.2363137602
136360.6422863603 124843.5804827639
136030.7494202633 125896.8921447564
135700.8565541663 126028.5561025055
135700.8565541663 125238.5723560111
135700.8565541663 123658.6048630222
135700.8565541663 122605.2932010297
135370.9636880693 126160.2200602546
135370.9636880693 122078.6373700334
113598.0345256665 100617.4122569347
113927.9273917635 101144.0680879310
114092.8738248120 101539.0599611782
114257.8202578605 102329.0437076727
114422.7666909090 102065.7157921745
115082.5524231030 103119.0274541671
115247.4988561515 103514.0193274143
115907.2845883456 104698.9949471560

136195.6958533118 125106.9083982620
136030.7494202633 125896.8921447564
136030.7494202633 125501.9002715092
135865.8029872148 125238.5723560111
135865.8029872148 125106.9083982620
135865.8029872148 124580.2525672657
135700.8565541663 125238.5723560111
135535.9101211178 125633.5642292583
135535.9101211178 125106.9083982620
135535.9101211178 124843.5804827639
135535.9101211178 124316.9246517676
135370.9636880693 124711.9165250148
135206.0172550208 124975.2444405129
135206.0172550208 124580.2525672657
135206.0172550208 124053.5967362695
135041.0708219723 124053.5967362695
135041.0708219723 123658.6048630222
134876.1243889238 124448.5886095167
134876.1243889238 124316.9246517676
134711.1779558753 123921.9327785204
134711.1779558753 123790.2688207713
134711.1779558753 123131.9490320260
134546.2315228268 124185.2606940185
134381.2850897782 124053.5967362695
134381.2850897782 123658.6048630222
134381.2850897782 123263.6129897750
113268.1416595695 109702.2253416207
113268.1416595695 109833.8892993697
113268.1416595695 109965.5532571188
113433.0880926180 109438.8974261225
113433.0880926180 109833.8892993697
113598.0345256665 109833.8892993697
113927.9273917635 109702.2253416207
117061.9096196851 105357.3147359013

133886.4457906327 123395.2769475241
133886.4457906327 123790.2688207713
134051.3922236813 124316.9246517676
134216.3386567298 122868.6211165278
134216.3386567298 124711.9165250148
134381.2850897782 123263.6129897750
134711.1779558753 126686.8758912509
134876.1243889238 122868.6211165278
134876.1243889238 126291.8840180037
135041.0708219723 126028.5561025055
135206.0172550208 122605.2932010297
135535.9101211178 122341.9652855315
135700.8565541663 123658.6048630222
135700.8565541663 125238.5723560111
135700.8565541663 126028.5561025055
136030.7494202633 125896.8921447564
136360.6422863603 124843.5804827639
138504.9459159909 122473.6292432806
138339.9994829424 122078.6373700334
138175.0530498939 122605.2932010297
138010.1066168454 122868.6211165278
138010.1066168454 121551.9815390371
137845.1601837969 123131.9490320260
137515.2673176999 120893.6617502917
137020.4280185543 124843.5804827639
136525.5887194088 125370.2363137602
113268.1416595695 109965.5532571188
113433.0880926180 109438.8974261225
113598.0345256665 109833.8892993697
113762.9809587150 109307.2334683735
117061.9096196851 105357.3147359013
116896.9631866366 105620.6426513995
114257.8202578605 108912.2415951262
114092.8738248120 109175.5695106244

133061.7136253902 115758.7673980780
133886.4457906327 116548.7511445724
133886.4457906327 123395.2769475241
134381.2850897782 123263.6129897750
134381.2850897782 124053.5967362695
134381.2850897782 126818.5398489999
134711.1779558753 122736.9571587787
134711.1779558753 126686.8758912509
138504.9459159909 122473.6292432806
138339.9994829424 122078.6373700334
138175.0530498939 122605.2932010297
138010.1066168454 122868.6211165278
138010.1066168454 121551.9815390371
137845.1601837969 123131.9490320260
137515.2673176999 120893.6617502917
137020.4280185543 124843.5804827639
136525.5887194088 125370.2363137602
136360.6422863603 124843.5804827639
136030.7494202633 125896.8921447564
135700.8565541663 126028.5561025055
135700.8565541663 125238.5723560111
135700.8565541663 123658.6048630222
135535.9101211178 122341.9652855315
135206.0172550208 122605.2932010297
135041.0708219723 126028.5561025055
134876.1243889238 126291.8840180037
113268.1416595695 109965.5532571188
113433.0880926180 109438.8974261225
113598.0345256665 109833.8892993697
113762.9809587150 109307.2334683735
114752.6595570060 111150.5288768605
117061.9096196851 105357.3147359013
116896.9631866366 105620.6426513995
114257.8202578605 108912.2415951262

132072.0350270992 126028.5561025055
133061.7136253902 115758.7673980780
138504.9459159909 122473.6292432806
138339.9994829424 122078.6373700334
138175.0530498939 122605.2932010297
138010.1066168454 122868.6211165278
138010.1066168454 121551.9815390371
137845.1601837969 123131.9490320260
137515.2673176999 120893.6617502917
136690.5351524574 120103.6780037973
136525.5887194088 125370.2363137602
136360.6422863603 124843.5804827639
136030.7494202633 125896.8921447564
135700.8565541663 126028.5561025055
135700.8565541663 125238.5723560111
135535.9101211178 122341.9652855315
135206.0172550208 122605.2932010297
135041.0708219723 126028.5561025055
134876.1243889238 126291.8840180037
134711.1779558753 126686.8758912509
134546.2315228268 123000.2850742769
134546.2315228268 122605.2932010297
134381.2850897782 126818.5398489999
134381.2850897782 123263.6129897750
133886.4457906327 116943.7430178196
133886.4457906327 116548.7511445724
113268.1416595695 109833.8892993697
113762.9809587150 109307.2334683735
113927.9273917635 109702.2253416207
114092.8738248120 109175.5695106244
114257.8202578605 108912.2415951262
114422.7666909090 108253.9218063809
117061.9096196851 105357.3147359013
116896.9631866366 105620.6426513995

136195.6958533118 125106.9083982620
136030.7494202633 125896.8921447564
136030.7494202633 125501.9002715092
136030.7494202633 125370.2363137602
136030.7494202633 124975.2444405129
136030.7494202633 124316.9246517676
135865.8029872148 125765.2281870074
135865.8029872148 124580.2525672657
135700.8565541663 126028.5561025055
135700.8565541663 125238.5723560111
135700.8565541663 124843.5804827639
135700.8565541663 124448.5886095167
135535.9101211178 125633.5642292583
135206.0172550208 124975.2444405129
135206.0172550208 124580.2525672657
135041.0708219723 124053.5967362695
135041.0708219723 123658.6048630222
134876.1243889238 124448.5886095167
134876.1243889238 124316.9246517676
134711.1779558753 123921.9327785204
134711.1779558753 123790.2688207713
134711.1779558753 123131.9490320260
134546.2315228268 124185.2606940185
134381.2850897782 124053.5967362695
134381.2850897782 123658.6048630222
134381.2850897782 123263.6129897750
113268.1416595695 109702.2253416207
113268.1416595695 109833.8892993697
113268.1416595695 109965.5532571188
113433.0880926180 109438.8974261225
113433.0880926180 109833.8892993697
113598.0345256665 109833.8892993697
113927.9273917635 109702.2253416207
117061.9096196851 105357.3147359013

132072.0350270992 126028.5561025055
133061.7136253902 115758.7673980780
133886.4457906327 116548.7511445724
133886.4457906327 116943.7430178196
134381.2850897782 123263.6129897750
134381.2850897782 126818.5398489999
134546.2315228268 122605.2932010297
134546.2315228268 123000.2850742769
134711.1779558753 126686.8758912509
134876.1243889238 126291.8840180037
135041.0708219723 126028.5561025055
135206.0172550208 122605.2932010297
135535.9101211178 122341.9652855315
135700.8565541663 125238.5723560111
135700.8565541663 126028.5561025055
136030.7494202633 125896.8921447564
136360.6422863603 124843.5804827639
136525.5887194088 125370.2363137602
136690.5351524574 120103.6780037973
138504.9459159909 122473.6292432806
138339.9994829424 122078.6373700334
138175.0530498939 122605.2932010297
138010.1066168454 122868.6211165278
138010.1066168454 121551.9815390371
137845.1601837969 123131.9490320260
137515.2673176999 120893.6617502917
113268.1416595695 109833.8892993697
113762.9809587150 109307.2334683735
117061.9096196851 105357.3147359013
116896.9631866366 105620.6426513995
114422.7666909090 108253.9218063809
114257.8202578605 108912.2415951262
114092.8738248120 109175.5695106244
113927.9273917635 109702.2253416207

138504.9459159909 122473.6292432806
138339.9994829424 122078.6373700334
138175.0530498939 122605.2932010297
138010.1066168454 122868.6211165278
138010.1066168454 121551.9815390371
137845.1601837969 123131.9490320260
137515.2673176999 120893.6617502917
136690.5351524574 120103.6780037973
136525.5887194088 125370.2363137602
136360.6422863603 124843.5804827639
136030.7494202633 125896.8921447564
135700.8565541663 126028.5561025055
135700.8565541663 125238.5723560111
135700.8565541663 123658.6048630222
135535.9101211178 122341.9652855315
135206.0172550208 122605.2932010297
135041.0708219723 126028.5561025055
134876.1243889238 126291.8840180037
134711.1779558753 126686.8758912509
134711.1779558753 122736.9571587787
134381.2850897782 126818.5398489999
134381.2850897782 124053.5967362695
134381.2850897782 123263.6129897750
133886.4457906327 123395.2769475241
133886.4457906327 116548.7511445724
133061.7136253902 115758.7673980780
113268.1416595695 109965.5532571188
113433.0880926180 109438.8974261225
113598.0345256665 109833.8892993697
113762.9809587150 109307.2334683735
114092.8738248120 109175.5695106244
114257.8202578605 108912.2415951262
117061.9096196851 105357.3147359013
116896.9631866366 105620.6426513995

130257.6242635656 131690.1062857156
130422.5706966141 131163.4504547193
130917.4099957596 129451.8190039814
131247.3028618566 128793.4992152360
131577.1957279537 130636.7946237230
131742.1421610021 128003.5154687416
131742.1421610021 129451.8190039814
131907.0885940507 128398.5073419888
132566.8743262447 127871.8515109925
132731.8207592932 129320.1550462323
138504.9459159909 122473.6292432806
138339.9994829424 122078.6373700334
138175.0530498939 122605.2932010297
138010.1066168454 122868.6211165278
130092.6778305171 132085.0981589628
137515.2673176999 120893.6617502917
136690.5351524574 124580.2525672657
136525.5887194088 125370.2363137602
136360.6422863603 124843.5804827639
136030.7494202633 125896.8921447564
135700.8565541663 126028.5561025055
135700.8565541663 125238.5723560111
135700.8565541663 123658.6048630222
135700.8565541663 122605.2932010297
135370.9636880693 126160.2200602546
135370.9636880693 122078.6373700334
113598.0345256665 100617.4122569347
113927.9273917635 101144.0680879310
114092.8738248120 101539.0599611782
114257.8202578605 102329.0437076727
114422.7666909090 102065.7157921745
115082.5524231030 103119.0274541671
115247.4988561515 103514.0193274143
115907.2845883456 104698.9949471560

134051.3922236813 124316.9246517676
134381.2850897782 123263.6129897750
134381.2850897782 123658.6048630222
134381.2850897782 124053.5967362695
134711.1779558753 123131.9490320260
134711.1779558753 123921.9327785204
134876.1243889238 122868.6211165278
135041.0708219723 123658.6048630222
135206.0172550208 124580.2525672657
135206.0172550208 124975.2444405129
135206.0172550208 125370.2363137602
135370.9636880693 122736.9571587787
135370.9636880693 124316.9246517676
135370.9636880693 126160.2200602546
135700.8565541663 123658.6048630222
135700.8565541663 124843.5804827639
135700.8565541663 125238.5723560111
135700.8565541663 126028.5561025055
136030.7494202633 124316.9246517676
136030.7494202633 125501.9002715092
136030.7494202633 125896.8921447564
136195.6958533118 125106.9083982620
136360.6422863603 124843.5804827639
138010.1066168454 121551.9815390371
137680.2137507484 121683.6454967862
137515.2673176999 120893.6617502917
113268.1416595695 109833.8892993697
113268.1416595695 109965.5532571188
113433.0880926180 109438.8974261225
113598.0345256665 109833.8892993697
113762.9809587150 109307.2334683735
113927.9273917635 109702.2253416207
117061.9096196851 105357.3147359013
116896.9631866366 105620.6426513995

134051.3922236813 124316.9246517676
134381.2850897782 123263.6129897750
134381.2850897782 123658.6048630222
134381.2850897782 124053.5967362695
136195.6958533118 125106.9083982620
136030.7494202633 125896.8921447564
136030.7494202633 125501.9002715092
136030.7494202633 125370.2363137602
136030.7494202633 124975.2444405129
136030.7494202633 124316.9246517676
135865.8029872148 125765.2281870074
135865.8029872148 124580.2525672657
135700.8565541663 126028.5561025055
135700.8565541663 125238.5723560111
135700.8565541663 124843.5804827639
135700.8565541663 124448.5886095167
135535.9101211178 125633.5642292583
135206.0172550208 124975.2444405129
135206.0172550208 124580.2525672657
135041.0708219723 124843.5804827639
135041.0708219723 124053.5967362695
135041.0708219723 123658.6048630222
134876.1243889238 124448.5886095167
134711.1779558753 123921.9327785204
134711.1779558753 123131.9490320260
134546.2315228268 124185.2606940185
113268.1416595695 109702.2253416207
113268.1416595695 109833.8892993697
113268.1416595695 109965.5532571188
113433.0880926180 109438.8974261225
113598.0345256665 109833.8892993697
113762.9809587150 109307.2334683735
113927.9273917635 109702.2253416207
117061.9096196851 105357.3147359013

134381.2850897782 123263.6129897750
134381.2850897782 123658.6048630222
134381.2850897782 124053.5967362695
134546.2315228268 124185.2606940185
134546.2315228268 124580.2525672657
134711.1779558753 123131.9490320260
134711.1779558753 123790.2688207713
134711.1779558753 123921.9327785204
134876.1243889238 122868.6211165278
135041.0708219723 123658.6048630222
135206.0172550208 124185.2606940185
135206.0172550208 124580.2525672657
135206.0172550208 124975.2444405129
135206.0172550208 125370.2363137602
135370.9636880693 123921.9327785204
135700.8565541663 124448.5886095167
135700.8565541663 124843.5804827639
135700.8565541663 125238.5723560111
135700.8565541663 126028.5561025055
136030.7494202633 124316.9246517676
136030.7494202633 124975.2444405129
136030.7494202633 125370.2363137602
136030.7494202633 125501.9002715092
136030.7494202633 125896.8921447564
136195.6958533118 125106.9083982620
136360.6422863603 124843.5804827639
113268.1416595695 109702.2253416207
113268.1416595695 109833.8892993697
113268.1416595695 109965.5532571188
113433.0880926180 109438.8974261225
113598.0345256665 109833.8892993697
113762.9809587150 109307.2334683735
113927.9273917635 109702.2253416207
117061.9096196851 105357.3147359013

134051.3922236813 124316.9246517676
134381.2850897782 123263.6129897750
134381.2850897782 123658.6048630222
134381.2850897782 124053.5967362695
134711.1779558753 123131.9490320260
134711.1779558753 123921.9327785204
134876.1243889238 122868.6211165278
135041.0708219723 123658.6048630222
135041.0708219723 124448.5886095167
135206.0172550208 124580.2525672657
135206.0172550208 124975.2444405129
135206.0172550208 125370.2363137602
135370.9636880693 124316.9246517676
135370.9636880693 126160.2200602546
135700.8565541663 124843.5804827639
135700.8565541663 125238.5723560111
135700.8565541663 126028.5561025055
138504.9459159909 122473.6292432806
138339.9994829424 122078.6373700334
138175.0530498939 122605.2932010297
138010.1066168454 121551.9815390371
137515.2673176999 120893.6617502917
136525.5887194088 125370.2363137602
136525.5887194088 124580.2525672657
136360.6422863603 124843.5804827639
136030.7494202633 125896.8921447564
113268.1416595695 109833.8892993697
113268.1416595695 109965.5532571188
113433.0880926180 109438.8974261225
113598.0345256665 109833.8892993697
113762.9809587150 109307.2334683735
113927.9273917635 109702.2253416207
117061.9096196851 105357.3147359013
116896.9631866366 105620.6426513995

131907.0885940507 126818.5398489999
131907.0885940507 128925.1631729851
132072.0350270992 126028.5561025055
132236.9814601477 126686.8758912509
132566.8743262447 127871.8515109925
138504.9459159909 122473.6292432806
138339.9994829424 122078.6373700334
138175.0530498939 122605.2932010297
138010.1066168454 122868.6211165278
138010.1066168454 121551.9815390371
137845.1601837969 123131.9490320260
137515.2673176999 120893.6617502917
136690.5351524574 120103.6780037973
136525.5887194088 125370.2363137602
136360.6422863603 124843.5804827639
136030.7494202633 125896.8921447564
135700.8565541663 126028.5561025055
135700.8565541663 125238.5723560111
135535.9101211178 122341.9652855315
134876.1243889238 126291.8840180037
134711.1779558753 126686.8758912509
134711.1779558753 125896.8921447564
135535.9101211178 123921.9327785204
134546.2315228268 123000.2850742769
134546.2315228268 122605.2932010297
134381.2850897782 126818.5398489999
113598.0345256665 100617.4122569347
113927.9273917635 101144.0680879310
114092.8738248120 101539.0599611782
114257.8202578605 102329.0437076727
114422.7666909090 102065.7157921745
115082.5524231030 103119.0274541671
115247.4988561515 103514.0193274143
115907.2845883456 104698.9949471560

134381.2850897782 123790.2688207713
136195.6958533118 125633.5642292583
136195.6958533118 125106.9083982620
136030.7494202633 125501.9002715092
136030.7494202633 125106.9083982620
135865.8029872148 125238.5723560111
135865.8029872148 125106.9083982620
135700.8565541663 125238.5723560111
135535.9101211178 125633.5642292583
135535.9101211178 125106.9083982620
135535.9101211178 124843.5804827639
135535.9101211178 124316.9246517676
135370.9636880693 124711.9165250148
135206.0172550208 124975.2444405129
135206.0172550208 124580.2525672657
135206.0172550208 124053.5967362695
135041.0708219723 124053.5967362695
135041.0708219723 123658.6048630222
134876.1243889238 124448.5886095167
134876.1243889238 124316.9246517676
134711.1779558753 123921.9327785204
134711.1779558753 123790.2688207713
134711.1779558753 123131.9490320260
134546.2315228268 124185.2606940185
134381.2850897782 124053.5967362695
134381.2850897782 123658.6048630222
113268.1416595695 109570.5613838716
113268.1416595695 109702.2253416207
113268.1416595695 109833.8892993697
113268.1416595695 109965.5532571188
113433.0880926180 109702.2253416207
113433.0880926180 109833.8892993697
113598.0345256665 109833.8892993697
117061.9096196851 105357.3147359013

134381.2850897782 123790.2688207713
134546.2315228268 123658.6048630222
134711.1779558753 123658.6048630222
134876.1243889238 124185.2606940185
134711.1779558753 124053.5967362695
134876.1243889238 124448.5886095167
134876.1243889238 124843.5804827639
135041.0708219723 123658.6048630222
135041.0708219723 124053.5967362695
135041.0708219723 124316.9246517676
135041.0708219723 124448.5886095167
135041.0708219723 124711.9165250148
135206.0172550208 124580.2525672657
135206.0172550208 124975.2444405129
135370.9636880693 124711.9165250148
135535.9101211178 124316.9246517676
135535.9101211178 124843.5804827639
135535.9101211178 125106.9083982620
135535.9101211178 125633.5642292583
135700.8565541663 124448.5886095167
135700.8565541663 125238.5723560111
135865.8029872148 125106.9083982620
136030.7494202633 125106.9083982620
136030.7494202633 125501.9002715092
136195.6958533118 125106.9083982620
136195.6958533118 125633.5642292583
113268.1416595695 109570.5613838716
113268.1416595695 109702.2253416207
113268.1416595695 109833.8892993697
113268.1416595695 109965.5532571188
113433.0880926180 109702.2253416207
113433.0880926180 109833.8892993697
113598.0345256665 109833.8892993697
117061.9096196851 105357.3147359013

138010.1066168454 121551.9815390371
136525.5887194088 125370.2363137602
136360.6422863603 124843.5804827639
136195.6958533118 125106.9083982620
136030.7494202633 125896.8921447564
136030.7494202633 125501.9002715092
136030.7494202633 124316.9246517676
135700.8565541663 126028.5561025055
135700.8565541663 125238.5723560111
135700.8565541663 124843.5804827639
135700.8565541663 124448.5886095167
135370.9636880693 123921.9327785204
135206.0172550208 125370.2363137602
135206.0172550208 124975.2444405129
135206.0172550208 124580.2525672657
135206.0172550208 124185.2606940185
135041.0708219723 123658.6048630222
134876.1243889238 122868.6211165278
134711.1779558753 123921.9327785204
134711.1779558753 123790.2688207713
134711.1779558753 123131.9490320260
134546.2315228268 124580.2525672657
134546.2315228268 124185.2606940185
134381.2850897782 124053.5967362695
134381.2850897782 123658.6048630222
134381.2850897782 123263.6129897750
113268.1416595695 109965.5532571188
113433.0880926180 109438.8974261225
117061.9096196851 105357.3147359013
113927.9273917635 109702.2253416207
113762.9809587150 109307.2334683735
113598.0345256665 109833.8892993697
113268.1416595695 109833.8892993697
113268.1416595695 109702.2253416207

134051.3922236813 124316.9246517676
134381.2850897782 123263.6129897750
134381.2850897782 123658.6048630222
134381.2850897782 124053.5967362695
134546.2315228268 124185.2606940185
134711.1779558753 123131.9490320260
134711.1779558753 123921.9327785204
134876.1243889238 124316.9246517676
135041.0708219723 123658.6048630222
135041.0708219723 124053.5967362695
135206.0172550208 124185.2606940185
135206.0172550208 124580.2525672657
135206.0172550208 124975.2444405129
136195.6958533118 125106.9083982620
136030.7494202633 125896.8921447564
136030.7494202633 125501.9002715092
136030.7494202633 125370.2363137602
136030.7494202633 124975.2444405129
136030.7494202633 124316.9246517676
135865.8029872148 125765.2281870074
135865.8029872148 124580.2525672657
135700.8565541663 126028.5561025055
135700.8565541663 125238.5723560111
135700.8565541663 124843.5804827639
135700.8565541663 124448.5886095167
135535.9101211178 125633.5642292583
113268.1416595695 109702.2253416207
113268.1416595695 109833.8892993697
113268.1416595695 109965.5532571188
113433.0880926180 109438.8974261225
113598.0345256665 109833.8892993697
113762.9809587150 109307.2334683735
113927.9273917635 109702.2253416207
117061.9096196851 105357.3147359013

134051.3922236813 124316.9246517676
134381.2850897782 123263.6129897750
134381.2850897782 123658.6048630222
134381.2850897782 124053.5967362695
134711.1779558753 123131.9490320260
134711.1779558753 123921.9327785204
134876.1243889238 122868.6211165278
135041.0708219723 123658.6048630222
135041.0708219723 124448.5886095167
138010.1066168454 121551.9815390371
136525.5887194088 125370.2363137602
136360.6422863603 124843.5804827639
136195.6958533118 125106.9083982620
136030.7494202633 125896.8921447564
136030.7494202633 125501.9002715092
136030.7494202633 124316.9246517676
135700.8565541663 126028.5561025055
135700.8565541663 125238.5723560111
135700.8565541663 124843.5804827639
135700.8565541663 124448.5886095167
135370.9636880693 123921.9327785204
135206.0172550208 125370.2363137602
135206.0172550208 124975.2444405129
135206.0172550208 124580.2525672657
135206.0172550208 124185.2606940185
134546.2315228268 124580.2525672657
113268.1416595695 109833.8892993697
113268.1416595695 109965.5532571188
113433.0880926180 109438.8974261225
113598.0345256665 109833.8892993697
113762.9809587150 109307.2334683735
113927.9273917635 109702.2253416207
117061.9096196851 105357.3147359013
116896.9631866366 105620.6426513995

134051.3922236813 124316.9246517676
134381.2850897782 123263.6129897750
134381.2850897782 123658.6048630222
134381.2850897782 124053.5967362695
134711.1779558753 123131.9490320260
134711.1779558753 123921.9327785204
134876.1243889238 122868.6211165278
135041.0708219723 123658.6048630222
135206.0172550208 124580.2525672657
135206.0172550208 124975.2444405129
135206.0172550208 125370.2363137602
135370.9636880693 122736.9571587787
135370.9636880693 124316.9246517676
135370.9636880693 126160.2200602546
135700.8565541663 123658.6048630222
135700.8565541663 125238.5723560111
135700.8565541663 126028.5561025055
136030.7494202633 125896.8921447564
136360.6422863603 124843.5804827639
136525.5887194088 124580.2525672657
136525.5887194088 125370.2363137602
138010.1066168454 121551.9815390371
137680.2137507484 121683.6454967862
137515.2673176999 120893.6617502917
136195.6958533118 125106.9083982620
136030.7494202633 125501.9002715092
113268.1416595695 109833.8892993697
113268.1416595695 109965.5532571188
117061.9096196851 105357.3147359013
116896.9631866366 105620.6426513995
113927.9273917635 109702.2253416207
113762.9809587150 109307.2334683735
113598.0345256665 109833.8892993697
113433.0880926180 109438.8974261225

134051.3922236813 124316.9246517676
134216.3386567298 122868.6211165278
134216.3386567298 124711.9165250148
134381.2850897782 123263.6129897750
134381.2850897782 123658.6048630222
134381.2850897782 124053.5967362695
138504.9459159909 122473.6292432806
138339.9994829424 122078.6373700334
138175.0530498939 122605.2932010297
138010.1066168454 121551.9815390371
137515.2673176999 120893.6617502917
136525.5887194088 125370.2363137602
136525.5887194088 124580.2525672657
136360.6422863603 124843.5804827639
136030.7494202633 125896.8921447564
135865.8029872148 124975.2444405129
135700.8565541663 126028.5561025055
135700.8565541663 125238.5723560111
135700.8565541663 123658.6048630222
135700.8565541663 122605.2932010297
135370.9636880693 126160.2200602546
135206.0172550208 124580.2525672657
135041.0708219723 124053.5967362695
135041.0708219723 123658.6048630222
134876.1243889238 122473.6292432806
134711.1779558753 122736.9571587787
113268.1416595695 109965.5532571188
113433.0880926180 109438.8974261225
113598.0345256665 109833.8892993697
113762.9809587150 109307.2334683735
114092.8738248120 109175.5695106244
114257.8202578605 108912.2415951262
117061.9096196851 105357.3147359013
116896.9631866366 105620.6426513995

132072.0350270992 126028.5561025055
133061.7136253902 115758.7673980780
138504.9459159909 122473.6292432806
138339.9994829424 122078.6373700334
138175.0530498939 122605.2932010297
138010.1066168454 122868.6211165278
138010.1066168454 121551.9815390371
137845.1601837969 123131.9490320260
137515.2673176999 120893.6617502917
136690.5351524574 120103.6780037973
136525.5887194088 125370.2363137602
136360.6422863603 124843.5804827639
136030.7494202633 125896.8921447564
135700.8565541663 126028.5561025055
135700.8565541663 125238.5723560111
135535.9101211178 122341.9652855315
135206.0172550208 122605.2932010297
135041.0708219723 126028.5561025055
134876.1243889238 126291.8840180037
134711.1779558753 126686.8758912509
134546.2315228268 123000.2850742769
134546.2315228268 122605.2932010297
134381.2850897782 126818.5398489999
134381.2850897782 123263.6129897750
133886.4457906327 116943.7430178196
133886.4457906327 116548.7511445724
113268.1416595695 109833.8892993697
113762.9809587150 109307.2334683735
113927.9273917635 101144.0680879310
114257.8202578605 108517.2497218790
114257.8202578605 108912.2415951262
114422.7666909090 108253.9218063809
117061.9096196851 105357.3147359013
116896.9631866366 105620.6426513995

134381.2850897782 123263.6129897750
134381.2850897782 123658.6048630222
134381.2850897782 124053.5967362695
134381.2850897782 124580.2525672657
134546.2315228268 124185.2606940185
134711.1779558753 123131.9490320260
134711.1779558753 123921.9327785204
134876.1243889238 124316.9246517676
135041.0708219723 123658.6048630222
135041.0708219723 124053.5967362695
136195.6958533118 125106.9083982620
136030.7494202633 125896.8921447564
136030.7494202633 125501.9002715092
136030.7494202633 125370.2363137602
136030.7494202633 124975.2444405129
136030.7494202633 124316.9246517676
135865.8029872148 125765.2281870074
135865.8029872148 124580.2525672657
135700.8565541663 126028.5561025055
135700.8565541663 125238.5723560111
135700.8565541663 124843.5804827639
135700.8565541663 124448.5886095167
135535.9101211178 125633.5642292583
135206.0172550208 124975.2444405129
135206.0172550208 124580.2525672657
134876.1243889238 124448.5886095167
113268.1416595695 109702.2253416207
113268.1416595695 109833.8892993697
113268.1416595695 109965.5532571188
113433.0880926180 109438.8974261225
113598.0345256665 109833.8892993697
113762.9809587150 109307.2334683735
113927.9273917635 109702.2253416207
117061.9096196851 105357.3147359013

134051.3922236813 124316.9246517676
134381.2850897782 123263.6129897750
134381.2850897782 123658.6048630222
134381.2850897782 124053.5967362695
134711.1779558753 123131.9490320260
134711.1779558753 123921.9327785204
134876.1243889238 122868.6211165278
135041.0708219723 123658.6048630222
135206.0172550208 124580.2525672657
135206.0172550208 124975.2444405129
135206.0172550208 125370.2363137602
135370.9636880693 122736.9571587787
135370.9636880693 124316.9246517676
135370.9636880693 126160.2200602546
135700.8565541663 123658.6048630222
135700.8565541663 125238.5723560111
135700.8565541663 126028.5561025055
136030.7494202633 125896.8921447564
136360.6422863603 124843.5804827639
136525.5887194088 124580.2525672657
136525.5887194088 125370.2363137602
138010.1066168454 121551.9815390371
137680.2137507484 121683.6454967862
137515.2673176999 120893.6617502917
136195.6958533118 125106.9083982620
136030.7494202633 125501.9002715092
113268.1416595695 109833.8892993697
113268.1416595695 109965.5532571188
113433.0880926180 109438.8974261225
113598.0345256665 109833.8892993697
113762.9809587150 109307.2334683735
117061.9096196851 105357.3147359013
116896.9631866366 105620.6426513995
113927.9273917635 109702.2253416207

134051.3922236813 124316.9246517676
134381.2850897782 123263.6129897750
134381.2850897782 123658.6048630222
134381.2850897782 124053.5967362695
134711.1779558753 123131.9490320260
134711.1779558753 123921.9327785204
134876.1243889238 122868.6211165278
136360.6422863603 124843.5804827639
136195.6958533118 125106.9083982620
136030.7494202633 125896.8921447564
136030.7494202633 125501.9002715092
136030.7494202633 125370.2363137602
136030.7494202633 124316.9246517676
135700.8565541663 126028.5561025055
135700.8565541663 125238.5723560111
135700.8565541663 124843.5804827639
135700.8565541663 124448.5886095167
135370.9636880693 123921.9327785204
135206.0172550208 125370.2363137602
135206.0172550208 124975.2444405129
135206.0172550208 124580.2525672657
135206.0172550208 124185.2606940185
135041.0708219723 124053.5967362695
135041.0708219723 123658.6048630222
134876.1243889238 124316.9246517676
134546.2315228268 124185.2606940185
113268.1416595695 109833.8892993697
113268.1416595695 109965.5532571188
113433.0880926180 109438.8974261225
113598.0345256665 109833.8892993697
113762.9809587150 109307.2334683735
117061.9096196851 105357.3147359013
113927.9273917635 109702.2253416207
113268.1416595695 109702.2253416207

134051.3922236813 124316.9246517676
138504.9459159909 122473.6292432806
138339.9994829424 122078.6373700334
138175.0530498939 122605.2932010297
138010.1066168454 121551.9815390371
137515.2673176999 120893.6617502917
136525.5887194088 125370.2363137602
136525.5887194088 124580.2525672657
136360.6422863603 124843.5804827639
136030.7494202633 125896.8921447564
135865.8029872148 124975.2444405129
135700.8565541663 126028.5561025055
135700.8565541663 125238.5723560111
135700.8565541663 123658.6048630222
135700.8565541663 122605.2932010297
135370.9636880693 126160.2200602546
135206.0172550208 124580.2525672657
135041.0708219723 124053.5967362695
135041.0708219723 123658.6048630222
134876.1243889238 122473.6292432806
134711.1779558753 122736.9571587787
134381.2850897782 124053.5967362695
134381.2850897782 123263.6129897750
134216.3386567298 124711.9165250148
134216.3386567298 122868.6211165278
133886.4457906327 123395.2769475241
113268.1416595695 109965.5532571188
113433.0880926180 109438.8974261225
113598.0345256665 109833.8892993697
113762.9809587150 109307.2334683735
117061.9096196851 105357.3147359013
116896.9631866366 105620.6426513995
114257.8202578605 108912.2415951262
114092.8738248120 109175.5695106244

130257.6242635656 131690.1062857156
130422.5706966141 131163.4504547193
130917.4099957596 129451.8190039814
131247.3028618566 128793.4992152360
131577.1957279537 130636.7946237230
131742.1421610021 128003.5154687416
131742.1421610021 129451.8190039814
131907.0885940507 128398.5073419888
132566.8743262447 127871.8515109925
132731.8207592932 129320.1550462323
138504.9459159909 122473.6292432806
138339.9994829424 122078.6373700334
138175.0530498939 122605.2932010297
138010.1066168454 122868.6211165278
138010.1066168454 121551.9815390371
137515.2673176999 120893.6617502917
136690.5351524574 124580.2525672657
136525.5887194088 125370.2363137602
136360.6422863603 124843.5804827639
136030.7494202633 125896.8921447564
135700.8565541663 126028.5561025055
135700.8565541663 125238.5723560111
135700.8565541663 123658.6048630222
135700.8565541663 122605.2932010297
135370.9636880693 126160.2200602546
135370.9636880693 122078.6373700334
113598.0345256665 100617.4122569347
113927.9273917635 101144.0680879310
114092.8738248120 101539.0599611782
114257.8202578605 102329.0437076727
114422.7666909090 102065.7157921745
115082.5524231030 103119.0274541671
115247.4988561515 103514.0193274143
115907.2845883456 104698.9949471560

133061.7136253902 115758.7673980780
133886.4457906327 116548.7511445724
133886.4457906327 116943.7430178196
138504.9459159909 122473.6292432806
138339.9994829424 122078.6373700334
138175.0530498939 122605.2932010297
138010.1066168454 122868.6211165278
138010.1066168454 121551.9815390371
137845.1601837969 123131.9490320260
137515.2673176999 120893.6617502917
136690.5351524574 120103.6780037973
136525.5887194088 125370.2363137602
136360.6422863603 124843.5804827639
136030.7494202633 125896.8921447564
135700.8565541663 126028.5561025055
135700.8565541663 125238.5723560111
135535.9101211178 122341.9652855315
135206.0172550208 122605.2932010297
135041.0708219723 126028.5561025055
134876.1243889238 126291.8840180037
134711.1779558753 126686.8758912509
134546.2315228268 123000.2850742769
134546.2315228268 122605.2932010297
134381.2850897782 126818.5398489999
134381.2850897782 123263.6129897750
132072.0350270992 126028.5561025055
113598.0345256665 109833.8892993697
113762.9809587150 109307.2334683735
113927.9273917635 109702.2253416207
114257.8202578605 108912.2415951262
114422.7666909090 108253.9218063809
115247.4988561515 103514.0193274143
116896.9631866366 105620.6426513995
115247.4988561515 104304.0030739087

134051.3922236813 124316.9246517676
134381.2850897782 123263.6129897750
134381.2850897782 123658.6048630222
134381.2850897782 124053.5967362695
134546.2315228268 124185.2606940185
134711.1779558753 123131.9490320260
134711.1779558753 123921.9327785204
134876.1243889238 124316.9246517676
135041.0708219723 123658.6048630222
135041.0708219723 124053.5967362695
135206.0172550208 124185.2606940185
135206.0172550208 124580.2525672657
135206.0172550208 124975.2444405129
135206.0172550208 125370.2363137602
135370.9636880693 123921.9327785204
138010.1066168454 121551.9815390371
136525.5887194088 125370.2363137602
136360.6422863603 124843.5804827639
136195.6958533118 125106.9083982620
136030.7494202633 125896.8921447564
136030.7494202633 125501.9002715092
136030.7494202633 124316.9246517676
135700.8565541663 126028.5561025055
135700.8565541663 125238.5723560111
135700.8565541663 124843.5804827639
135700.8565541663 124448.5886095167
113268.1416595695 109702.2253416207
113268.1416595695 109833.8892993697
113268.1416595695 109965.5532571188
113433.0880926180 109438.8974261225
113598.0345256665 109833.8892993697
113762.9809587150 109307.2334683735
113927.9273917635 109702.2253416207
117061.9096196851 105357.3147359013

138010.1066168454 121551.9815390371
136525.5887194088 125370.2363137602
136360.6422863603 124843.5804827639
136195.6958533118 125106.9083982620
136030.7494202633 125896.8921447564
136030.7494202633 125501.9002715092
136030.7494202633 124316.9246517676
135700.8565541663 126028.5561025055
135700.8565541663 125238.5723560111
135700.8565541663 124843.5804827639
135700.8565541663 124448.5886095167
135370.9636880693 123921.9327785204
135206.0172550208 125370.2363137602
135206.0172550208 124975.2444405129
135206.0172550208 124580.2525672657
135206.0172550208 124185.2606940185
135041.0708219723 123658.6048630222
134876.1243889238 122868.6211165278
134711.1779558753 123921.9327785204
134711.1779558753 123131.9490320260
134546.2315228268 124580.2525672657
134546.2315228268 124185.2606940185
134381.2850897782 124053.5967362695
134381.2850897782 123658.6048630222
134381.2850897782 123263.6129897750
134051.3922236813 124316.9246517676
113268.1416595695 109702.2253416207
113268.1416595695 109833.8892993697
113268.1416595695 109965.5532571188
113598.0345256665 109833.8892993697
113762.9809587150 109307.2334683735
113927.9273917635 109702.2253416207
117061.9096196851 105357.3147359013
116896.9631866366 105620.6426513995

134051.3922236813 124316.9246517676
138504.9459159909 122473.6292432806
138339.9994829424 122078.6373700334
138175.0530498939 122605.2932010297
138010.1066168454 121551.9815390371
137515.2673176999 120893.6617502917
136525.5887194088 125370.2363137602
136525.5887194088 124580.2525672657
136360.6422863603 124843.5804827639
136030.7494202633 125896.8921447564
135700.8565541663 126028.5561025055
135700.8565541663 125238.5723560111
135700.8565541663 123658.6048630222
135370.9636880693 126160.2200602546
135370.9636880693 124316.9246517676
135370.9636880693 122736.9571587787
135206.0172550208 125370.2363137602
135206.0172550208 124975.2444405129
135206.0172550208 124580.2525672657
135041.0708219723 123658.6048630222
134876.1243889238 122868.6211165278
134711.1779558753 123921.9327785204
134711.1779558753 123131.9490320260
134546.2315228268 124185.2606940185
134381.2850897782 124053.5967362695
134381.2850897782 123658.6048630222
113268.1416595695 109833.8892993697
113268.1416595695 109965.5532571188
113433.0880926180 109438.8974261225
113598.0345256665 109833.8892993697
113762.9809587150 109307.2334683735
113927.9273917635 109702.2253416207
117061.9096196851 105357.3147359013
116896.9631866366 105620.6426513995

134051.3922236813 124316.9246517676
134381.2850897782 123263.6129897750
134381.2850897782 123658.6048630222
134381.2850897782 124053.5967362695
134711.1779558753 123131.9490320260
134711.1779558753 123921.9327785204
134876.1243889238 122868.6211165278
135041.0708219723 123658.6048630222
135041.0708219723 124448.5886095167
135206.0172550208 124580.2525672657
135206.0172550208 124975.2444405129
135206.0172550208 125370.2363137602
135370.9636880693 124316.9246517676
135370.9636880693 126160.2200602546
138010.1066168454 121551.9815390371
137680.2137507484 121683.6454967862
137515.2673176999 120893.6617502917
136360.6422863603 124843.5804827639
136195.6958533118 125106.9083982620
136030.7494202633 125896.8921447564
136030.7494202633 125501.9002715092
136030.7494202633 124316.9246517676
135700.8565541663 126028.5561025055
135700.8565541663 125633.5642292583
135700.8565541663 125238.5723560111
135700.8565541663 124843.5804827639
113268.1416595695 109702.2253416207
113268.1416595695 109833.8892993697
113268.1416595695 109965.5532571188
113598.0345256665 109833.8892993697
113762.9809587150 109307.2334683735
113927.9273917635 109702.2253416207
117061.9096196851 105357.3147359013
116896.9631866366 105620.6426513995

136525.5887194088 125370.2363137602
136360.6422863603 124843.5804827639
136195.6958533118 125106.9083982620
136030.7494202633 125896.8921447564
136030.7494202633 125501.9002715092
136030.7494202633 125370.2363137602
136030.7494202633 124316.9246517676
135700.8565541663 126028.5561025055
135700.8565541663 125238.5723560111
135700.8565541663 124843.5804827639
135700.8565541663 124448.5886095167
135370.9636880693 123921.9327785204
135206.0172550208 125370.2363137602
135206.0172550208 124975.2444405129
135206.0172550208 124580.2525672657
135206.0172550208 124185.2606940185
135041.0708219723 124053.5967362695
135041.0708219723 123658.6048630222
134876.1243889238 124316.9246517676
134711.1779558753 123921.9327785204
134711.1779558753 123131.9490320260
134546.2315228268 124185.2606940185
134381.2850897782 124580.2525672657
134381.2850897782 124053.5967362695
134381.2850897782 123658.6048630222
134381.2850897782 123263.6129897750
113268.1416595695 109702.2253416207
113268.1416595695 109833.8892993697
113268.1416595695 109965.5532571188
113433.0880926180 109438.8974261225
113598.0345256665 109833.8892993697
113762.9809587150 109307.2334683735
117061.9096196851 105357.3147359013
113927.9273917635 109702.2253416207

138504.9459159909 122473.6292432806
138339.9994829424 122078.6373700334
138175.0530498939 122605.2932010297
138010.1066168454 122868.6211165278
138010.1066168454 121551.9815390371
137515.2673176999 120893.6617502917
136690.5351524574 124580.2525672657
136525.5887194088 125370.2363137602
136360.6422863603 124843.5804827639
136030.7494202633 125896.8921447564
135700.8565541663 126028.5561025055
135700.8565541663 125238.5723560111
135700.8565541663 123658.6048630222
135700.8565541663 122605.2932010297
135370.9636880693 126160.2200602546
135206.0172550208 124580.2525672657
135041.0708219723 124053.5967362695
135041.0708219723 123658.6048630222
134876.1243889238 122473.6292432806
134711.1779558753 122736.9571587787
134381.2850897782 124053.5967362695
134381.2850897782 123263.6129897750
134216.3386567298 124711.9165250148
134216.3386567298 122868.6211165278
134051.3922236813 124316.9246517676
133886.4457906327 123395.2769475241
113268.1416595695 109965.5532571188
113433.0880926180 109438.8974261225
113598.0345256665 109833.8892993697
113762.9809587150 109307.2334683735
113927.9273917635 109702.2253416207
114092.8738248120 109175.5695106244
117061.9096196851 105357.3147359013
116896.9631866366 105620.6426513995

138010.1066168454 121551.9815390371
136525.5887194088 125370.2363137602
136360.6422863603 124843.5804827639
136195.6958533118 125106.9083982620
136030.7494202633 125896.8921447564
136030.7494202633 125501.9002715092
136030.7494202633 124316.9246517676
135700.8565541663 126028.5561025055
135700.8565541663 125238.5723560111
135700.8565541663 124843.5804827639
135700.8565541663 124448.5886095167
135370.9636880693 123921.9327785204
135206.0172550208 125370.2363137602
135206.0172550208 124975.2444405129
135206.0172550208 124580.2525672657
135206.0172550208 124185.2606940185
135041.0708219723 124053.5967362695
135041.0708219723 123658.6048630222
134876.1243889238 124316.9246517676
134711.1779558753 123921.9327785204
134711.1779558753 123131.9490320260
134546.2315228268 124185.2606940185
134381.2850897782 124580.2525672657
134381.2850897782 124053.5967362695
134381.2850897782 123658.6048630222
134381.2850897782 123263.6129897750
113268.1416595695 109702.2253416207
113268.1416595695 109833.8892993697
113268.1416595695 109965.5532571188
113433.0880926180 109438.8974261225
113598.0345256665 109833.8892993697
113762.9809587150 109307.2334683735
117061.9096196851 105357.3147359013
113927.9273917635 109702.2253416207

134051.3922236813 124316.9246517676
134381.2850897782 123263.6129897750
134381.2850897782 123658.6048630222
134381.2850897782 124053.5967362695
134546.2315228268 124185.2606940185
134546.2315228268 124580.2525672657
134711.1779558753 123131.9490320260
134711.1779558753 123921.9327785204
134876.1243889238 122868.6211165278
135041.0708219723 123658.6048630222
135206.0172550208 124185.2606940185
135206.0172550208 124580.2525672657
135206.0172550208 124975.2444405129
135206.0172550208 125370.2363137602
135370.9636880693 123921.9327785204
135700.8565541663 124448.5886095167
135700.8565541663 124843.5804827639
135700.8565541663 125238.5723560111
135700.8565541663 126028.5561025055
136030.7494202633 124316.9246517676
136030.7494202633 125501.9002715092
136030.7494202633 125896.8921447564
136195.6958533118 125106.9083982620
136360.6422863603 124843.5804827639
136525.5887194088 125370.2363137602
138010.1066168454 121551.9815390371
113268.1416595695 109833.8892993697
113268.1416595695 109965.5532571188
113433.0880926180 109438.8974261225
113598.0345256665 109833.8892993697
113762.9809587150 109307.2334683735
113927.9273917635 109702.2253416207
117061.9096196851 105357.3147359013
116896.9631866366 105620.6426513995

132072.0350270992 126028.5561025055
138504.9459159909 122473.6292432806
138339.9994829424 122078.6373700334
138175.0530498939 122605.2932010297
138010.1066168454 122868.6211165278
138010.1066168454 121551.9815390371
137845.1601837969 123131.9490320260
137515.2673176999 120893.6617502917
136690.5351524574 120103.6780037973
136525.5887194088 125370.2363137602
136360.6422863603 124843.5804827639
136030.7494202633 125896.8921447564
135700.8565541663 126028.5561025055
135700.8565541663 125238.5723560111
135535.9101211178 122341.9652855315
135206.0172550208 122605.2932010297
135041.0708219723 126028.5561025055
134876.1243889238 126291.8840180037
134711.1779558753 126686.8758912509
134546.2315228268 123000.2850742769
134546.2315228268 122605.2932010297
134381.2850897782 126818.5398489999
134381.2850897782 123263.6129897750
133886.4457906327 116943.7430178196
133886.4457906327 116548.7511445724
133061.7136253902 115758.7673980780
113268.1416595695 109833.8892993697
113762.9809587150 109307.2334683735
113927.9273917635 101144.0680879310
114257.8202578605 108517.2497218790
114257.8202578605 108912.2415951262
114422.7666909090 108253.9218063809
117061.9096196851 105357.3147359013
116896.9631866366 105620.6426513995

134051.3922236813 124316.9246517676
134216.3386567298 122868.6211165278
134381.2850897782 123263.6129897750
134381.2850897782 123658.6048630222
134381.2850897782 124053.5967362695
134711.1779558753 123921.9327785204
134876.1243889238 122868.6211165278
135206.0172550208 124580.2525672657
135206.0172550208 124975.2444405129
135206.0172550208 125370.2363137602
135370.9636880693 122736.9571587787
135370.9636880693 124316.9246517676
135370.9636880693 126160.2200602546
135700.8565541663 123658.6048630222
135700.8565541663 125238.5723560111
135700.8565541663 126028.5561025055
136030.7494202633 125896.8921447564
136360.6422863603 124843.5804827639
138504.9459159909 122473.6292432806
138339.9994829424 122078.6373700334
138175.0530498939 122605.2932010297
138010.1066168454 121551.9815390371
137515.2673176999 120893.6617502917
136525.5887194088 125370.2363137602
136525.5887194088 124580.2525672657
135041.0708219723 123658.6048630222
113268.1416595695 109833.8892993697
113268.1416595695 109965.5532571188
113433.0880926180 109438.8974261225
113598.0345256665 109833.8892993697
113762.9809587150 109307.2334683735
114092.8738248120 109175.5695106244
117061.9096196851 105357.3147359013
116896.9631866366 105620.6426513995

130257.6242635656 131690.1062857156
130422.5706966141 131163.4504547193
130917.4099957596 129451.8190039814
131247.3028618566 128793.4992152360
131577.1957279537 130636.7946237230
131742.1421610021 128003.5154687416
131742.1421610021 129451.8190039814
131907.0885940507 128398.5073419888
132566.8743262447 127871.8515109925
132731.8207592932 129320.1550462323
138504.9459159909 122473.6292432806
138339.9994829424 122078.6373700334
138175.0530498939 122605.2932010297
138010.1066168454 122868.6211165278
138010.1066168454 121551.9815390371
137845.1601837969 123131.9490320260
137515.2673176999 120893.6617502917
137020.4280185543 124843.5804827639
136525.5887194088 125370.2363137602
136360.6422863603 124843.5804827639
136030.7494202633 125896.8921447564
135700.8565541663 126028.5561025055
135700.8565541663 125238.5723560111
135700.8565541663 123658.6048630222
135535.9101211178 122341.9652855315
135206.0172550208 122605.2932010297
113598.0345256665 100617.4122569347
113927.9273917635 101144.0680879310
114092.8738248120 101539.0599611782
114257.8202578605 102329.0437076727
114422.7666909090 102065.7157921745
115082.5524231030 103119.0274541671
115247.4988561515 103514.0193274143
115907.2845883456 104698.9949471560

136195.6958533118 125106.9083982620
136030.7494202633 125896.8921447564
136030.7494202633 125501.9002715092
136030.7494202633 125370.2363137602
136030.7494202633 124975.2444405129
136030.7494202633 124316.9246517676
135865.8029872148 125765.2281870074
135865.8029872148 124580.2525672657
135700.8565541663 126028.5561025055
135700.8565541663 125238.5723560111
135700.8565541663 124843.5804827639
135700.8565541663 124448.5886095167
135535.9101211178 125633.5642292583
135206.0172550208 124975.2444405129
135206.0172550208 124580.2525672657
135206.0172550208 124053.5967362695
135041.0708219723 124053.5967362695
135041.0708219723 123658.6048630222
134876.1243889238 124316.9246517676
134711.1779558753 123921.9327785204
134711.1779558753 123131.9490320260
134546.2315228268 124185.2606940185
134381.2850897782 124580.2525672657
134381.2850897782 124053.5967362695
134381.2850897782 123658.6048630222
134381.2850897782 123263.6129897750
113268.1416595695 109833.8892993697
113268.1416595695 109965.5532571188
113433.0880926180 109438.8974261225
113598.0345256665 109833.8892993697
113762.9809587150 109307.2334683735
117061.9096196851 105357.3147359013
113927.9273917635 109702.2253416207
113268.1416595695 109702.2253416207

132072.0350270992 126028.5561025055
133061.7136253902 115758.7673980780
133886.4457906327 116548.7511445724
133886.4457906327 116943.7430178196
134381.2850897782 123263.6129897750
134381.2850897782 126818.5398489999
134546.2315228268 122605.2932010297
134546.2315228268 123000.2850742769
134711.1779558753 122341.9652855315
134711.1779558753 125896.8921447564
134711.1779558753 126686.8758912509
134876.1243889238 126291.8840180037
135535.9101211178 122341.9652855315
135700.8565541663 125238.5723560111
135700.8565541663 126028.5561025055
136030.7494202633 125896.8921447564
136360.6422863603 124843.5804827639
136525.5887194088 125370.2363137602
136690.5351524574 120103.6780037973
138504.9459159909 122473.6292432806
138339.9994829424 122078.6373700334
138175.0530498939 122605.2932010297
138010.1066168454 122868.6211165278
138010.1066168454 121551.9815390371
137845.1601837969 123131.9490320260
137515.2673176999 120893.6617502917
113268.1416595695 109833.8892993697
117061.9096196851 105357.3147359013
116896.9631866366 105620.6426513995
115247.4988561515 103514.0193274143
114422.7666909090 108253.9218063809
114257.8202578605 108912.2415951262
113927.9273917635 109702.2253416207
113762.9809587150 109307.2334683735

134051.3922236813 124316.9246517676
134381.2850897782 123263.6129897750
134381.2850897782 123658.6048630222
134381.2850897782 124053.5967362695
134711.1779558753 123131.9490320260
134711.1779558753 123921.9327785204
134876.1243889238 122868.6211165278
138010.1066168454 121551.9815390371
137680.2137507484 121683.6454967862
136360.6422863603 124843.5804827639
136195.6958533118 125106.9083982620
136030.7494202633 125896.8921447564
136030.7494202633 125501.9002715092
136030.7494202633 124316.9246517676
135700.8565541663 126028.5561025055
135700.8565541663 125238.5723560111
135700.8565541663 124843.5804827639
135700.8565541663 124448.5886095167
135700.8565541663 123658.6048630222
135370.9636880693 126160.2200602546
135370.9636880693 124316.9246517676
135370.9636880693 123921.9327785204
135206.0172550208 125370.2363137602
135206.0172550208 124975.2444405129
135206.0172550208 124580.2525672657
135041.0708219723 123658.6048630222
113268.1416595695 109833.8892993697
113268.1416595695 109965.5532571188
113433.0880926180 109438.8974261225
113598.0345256665 109833.8892993697
113762.9809587150 109307.2334683735
113927.9273917635 109702.2253416207
117061.9096196851 105357.3147359013
116896.9631866366 105620.6426513995

134051.3922236813 124316.9246517676
134216.3386567298 122868.6211165278
134381.2850897782 123263.6129897750
134381.2850897782 123658.6048630222
134381.2850897782 124053.5967362695
134711.1779558753 123921.9327785204
134876.1243889238 122868.6211165278
138504.9459159909 122473.6292432806
138339.9994829424 122078.6373700334
138175.0530498939 122605.2932010297
138010.1066168454 121551.9815390371
137515.2673176999 120893.6617502917
136525.5887194088 125370.2363137602
136525.5887194088 124580.2525672657
136360.6422863603 124843.5804827639
136030.7494202633 125896.8921447564
135700.8565541663 126028.5561025055
135700.8565541663 125238.5723560111
135700.8565541663 123658.6048630222
135370.9636880693 126160.2200602546
135370.9636880693 124316.9246517676
135370.9636880693 122736.9571587787
135206.0172550208 125370.2363137602
135206.0172550208 124975.2444405129
135206.0172550208 124580.2525672657
134216.3386567298 124711.9165250148
113268.1416595695 109965.5532571188
113433.0880926180 109438.8974261225
113598.0345256665 109833.8892993697
113762.9809587150 109307.2334683735
113927.9273917635 109702.2253416207
114092.8738248120 109175.5695106244
117061.9096196851 105357.3147359013
116896.9631866366 105620.6426513995

134051.3922236813 124316.9246517676
134381.2850897782 123263.6129897750
134381.2850897782 123658.6048630222
134381.2850897782 124053.5967362695
134546.2315228268 124185.2606940185
134546.2315228268 124580.2525672657
134711.1779558753 123131.9490320260
134711.1779558753 123921.9327785204
134876.1243889238 122868.6211165278
135041.0708219723 123658.6048630222
135041.0708219723 124053.5967362695
135206.0172550208 124580.2525672657
135206.0172550208 124975.2444405129
135535.9101211178 125633.5642292583
135700.8565541663 124448.5886095167
135700.8565541663 124843.5804827639
135700.8565541663 125238.5723560111
135700.8565541663 126028.5561025055
138010.1066168454 121551.9815390371
136525.5887194088 125370.2363137602
136360.6422863603 124843.5804827639
136195.6958533118 125106.9083982620
136030.7494202633 125896.8921447564
136030.7494202633 125501.9002715092
136030.7494202633 124316.9246517676
135370.9636880693 123921.9327785204
113268.1416595695 109702.2253416207
113268.1416595695 109833.8892993697
113268.1416595695 109965.5532571188
113433.0880926180 109438.8974261225
113598.0345256665 109833.8892993697
113762.9809587150 109307.2334683735
113927.9273917635 109702.2253416207
117061.9096196851 105357.3147359013

132072.0350270992 126028.5561025055
133061.7136253902 115758.7673980780
133886.4457906327 116548.7511445724
133886.4457906327 116943.7430178196
134381.2850897782 123263.6129897750
134381.2850897782 126818.5398489999
134546.2315228268 122605.2932010297
134546.2315228268 123000.2850742769
134711.1779558753 122341.9652855315
134711.1779558753 125896.8921447564
134711.1779558753 126686.8758912509
134876.1243889238 126291.8840180037
135535.9101211178 122341.9652855315
135700.8565541663 125238.5723560111
135700.8565541663 126028.5561025055
136030.7494202633 125896.8921447564
136360.6422863603 124843.5804827639
136525.5887194088 125370.2363137602
136690.5351524574 120103.6780037973
137515.2673176999 120893.6617502917
137845.1601837969 123131.9490320260
138010.1066168454 121551.9815390371
138010.1066168454 122868.6211165278
138175.0530498939 122605.2932010297
138339.9994829424 122078.6373700334
138504.9459159909 122473.6292432806
113598.0345256665 100617.4122569347
115907.2845883456 104698.9949471560
115247.4988561515 103514.0193274143
115082.5524231030 103119.0274541671
114422.7666909090 102065.7157921745
114257.8202578605 102329.0437076727
114092.8738248120 101539.0599611782
113433.0880926180 109175.5695106244

134381.2850897782 123263.6129897750
134381.2850897782 123658.6048630222
134381.2850897782 124053.5967362695
134546.2315228268 124185.2606940185
134711.1779558753 123131.9490320260
134711.1779558753 123790.2688207713
134711.1779558753 123921.9327785204
134876.1243889238 124316.9246517676
134876.1243889238 124448.5886095167
135041.0708219723 123658.6048630222
135041.0708219723 124053.5967362695
135206.0172550208 124053.5967362695
135206.0172550208 124580.2525672657
135206.0172550208 124975.2444405129
135370.9636880693 124711.9165250148
135535.9101211178 124316.9246517676
135535.9101211178 124843.5804827639
135535.9101211178 125106.9083982620
135535.9101211178 125633.5642292583
135700.8565541663 124448.5886095167
135700.8565541663 125238.5723560111
136195.6958533118 125106.9083982620
136030.7494202633 125896.8921447564
136030.7494202633 125501.9002715092
136030.7494202633 125370.2363137602
136030.7494202633 124975.2444405129
113268.1416595695 109702.2253416207
113268.1416595695 109833.8892993697
113268.1416595695 109965.5532571188
113433.0880926180 109438.8974261225
117061.9096196851 105357.3147359013
113927.9273917635 109702.2253416207
113762.9809587150 109307.2334683735
113598.0345256665 109833.8892993697

134051.3922236813 124316.9246517676
134381.2850897782 123263.6129897750
134381.2850897782 123658.6048630222
134381.2850897782 124053.5967362695
134546.2315228268 124185.2606940185
134546.2315228268 124580.2525672657
134711.1779558753 123131.9490320260
134711.1779558753 123921.9327785204
134876.1243889238 122868.6211165278
135041.0708219723 123658.6048630222
135206.0172550208 124185.2606940185
135206.0172550208 124580.2525672657
135206.0172550208 124975.2444405129
135206.0172550208 125370.2363137602
135370.9636880693 123921.9327785204
135700.8565541663 124448.5886095167
135700.8565541663 124843.5804827639
135700.8565541663 125238.5723560111
135700.8565541663 126028.5561025055
136030.7494202633 124316.9246517676
136030.7494202633 125501.9002715092
136030.7494202633 125896.8921447564
136195.6958533118 125106.9083982620
136360.6422863603 124843.5804827639
136525.5887194088 125370.2363137602
138010.1066168454 121551.9815390371
113268.1416595695 109702.2253416207
113268.1416595695 109833.8892993697
113268.1416595695 109965.5532571188
113433.0880926180 109438.8974261225
113598.0345256665 109833.8892993697
117061.9096196851 105357.3147359013
116896.9631866366 105620.6426513995
113762.9809587150 109307.2334683735

130257.6242635656 131690.1062857156
130422.5706966141 131163.4504547193
130917.4099957596 129451.8190039814
131247.3028618566 128793.4992152360
131577.1957279537 130636.7946237230
131742.1421610021 128003.5154687416
131742.1421610021 129451.8190039814
131907.0885940507 128398.5073419888
132566.8743262447 127871.8515109925
132731.8207592932 129320.1550462323
135041.0708219723 126028.5561025055
135206.0172550208 122605.2932010297
135370.9636880693 121946.9734122843
135535.9101211178 122341.9652855315
135535.9101211178 123526.9409052732
138504.9459159909 122473.6292432806
138339.9994829424 122078.6373700334
138175.0530498939 122605.2932010297
138010.1066168454 121551.9815390371
137515.2673176999 120893.6617502917
136525.5887194088 125370.2363137602
136525.5887194088 124580.2525672657
136360.6422863603 124843.5804827639
136030.7494202633 125896.8921447564
135700.8565541663 126028.5561025055
135700.8565541663 125238.5723560111
113598.0345256665 100617.4122569347
113927.9273917635 101144.0680879310
114092.8738248120 101539.0599611782
114257.8202578605 102329.0437076727
114422.7666909090 102065.7157921745
115082.5524231030 103119.0274541671
115247.4988561515 103514.0193274143
115907.2845883456 104698.9949471560

138504.9459159909 122473.6292432806
138339.9994829424 122078.6373700334
138175.0530498939 122605.2932010297
138010.1066168454 122868.6211165278
138010.1066168454 121551.9815390371
137845.1601837969 123131.9490320260
137515.2673176999 120893.6617502917
136690.5351524574 120103.6780037973
136525.5887194088 125370.2363137602
136360.6422863603 124843.5804827639
136030.7494202633 125896.8921447564
135700.8565541663 126028.5561025055
135700.8565541663 125238.5723560111
135700.8565541663 123658.6048630222
135535.9101211178 122341.9652855315
135206.0172550208 122605.2932010297
135041.0708219723 126028.5561025055
134876.1243889238 126291.8840180037
134711.1779558753 126686.8758912509
134711.1779558753 122736.9571587787
134381.2850897782 124053.5967362695
134381.2850897782 123658.6048630222
134381.2850897782 123263.6129897750
134216.3386567298 124711.9165250148
134216.3386567298 122868.6211165278
134051.3922236813 124316.9246517676
113268.1416595695 109965.5532571188
113598.0345256665 109833.8892993697
113762.9809587150 109307.2334683735
113927.9273917635 109702.2253416207
114092.8738248120 109175.5695106244
114257.8202578605 108912.2415951262
117061.9096196851 105357.3147359013
116896.9631866366 105620.6426513995

134051.3922236813 124316.9246517676
134216.3386567298 122868.6211165278
134216.3386567298 124711.9165250148
134381.2850897782 123263.6129897750
134381.2850897782 123658.6048630222
134381.2850897782 124053.5967362695
134711.1779558753 122736.9571587787
134711.1779558753 126686.8758912509
134876.1243889238 126291.8840180037
135041.0708219723 126028.5561025055
135206.0172550208 122605.2932010297
135535.9101211178 122341.9652855315
135700.8565541663 123658.6048630222
135700.8565541663 125238.5723560111
135700.8565541663 126028.5561025055
136030.7494202633 125896.8921447564
136360.6422863603 124843.5804827639
136525.5887194088 125370.2363137602
136690.5351524574 120103.6780037973
138504.9459159909 122473.6292432806
138339.9994829424 122078.6373700334
138175.0530498939 122605.2932010297
138010.1066168454 122868.6211165278
138010.1066168454 121551.9815390371
137845.1601837969 123131.9490320260
137515.2673176999 120893.6617502917
113598.0345256665 109833.8892993697
113762.9809587150 109307.2334683735
117061.9096196851 105357.3147359013
116896.9631866366 105620.6426513995
114752.6595570060 109570.5613838716
114257.8202578605 108912.2415951262
113927.9273917635 109702.2253416207
113268.1416595695 109965.5532571188

132072.0350270992 126028.5561025055
133061.7136253902 115758.7673980780
133886.4457906327 116548.7511445724
133886.4457906327 116943.7430178196
134381.2850897782 123263.6129897750
134381.2850897782 126818.5398489999
134546.2315228268 122605.2932010297
134546.2315228268 123000.2850742769
134711.1779558753 122341.9652855315
134711.1779558753 125896.8921447564
134711.1779558753 126686.8758912509
134876.1243889238 126291.8840180037
138504.9459159909 122473.6292432806
138339.9994829424 122078.6373700334
138175.0530498939 122605.2932010297
138010.1066168454 122868.6211165278
138010.1066168454 121551.9815390371
137845.1601837969 123131.9490320260
137515.2673176999 120893.6617502917
136690.5351524574 120103.6780037973
136525.5887194088 125370.2363137602
136360.6422863603 124843.5804827639
136030.7494202633 125896.8921447564
135700.8565541663 126028.5561025055
135700.8565541663 125238.5723560111
135535.9101211178 122341.9652855315
113268.1416595695 109833.8892993697
113762.9809587150 109307.2334683735
113927.9273917635 101144.0680879310
114092.8738248120 101539.0599611782
114257.8202578605 108912.2415951262
115082.5524231030 103119.0274541671
117061.9096196851 105357.3147359013
115247.4988561515 103514.0193274143

134051.3922236813 124316.9246517676
134381.2850897782 123263.6129897750
134381.2850897782 123658.6048630222
134381.2850897782 124053.5967362695
134546.2315228268 124185.2606940185
134546.2315228268 124580.2525672657
134711.1779558753 123131.9490320260
134711.1779558753 123921.9327785204
134876.1243889238 124448.5886095167
138010.1066168454 121551.9815390371
136525.5887194088 125370.2363137602
136360.6422863603 124843.5804827639
136195.6958533118 125106.9083982620
136030.7494202633 125896.8921447564
136030.7494202633 125501.9002715092
136030.7494202633 124316.9246517676
135700.8565541663 126028.5561025055
135700.8565541663 125238.5723560111
135700.8565541663 124843.5804827639
135700.8565541663 124448.5886095167
135370.9636880693 123921.9327785204
135206.0172550208 125370.2363137602
135206.0172550208 124975.2444405129
135206.0172550208 124580.2525672657
135206.0172550208 124185.2606940185
135041.0708219723 123658.6048630222
113268.1416595695 109702.2253416207
113268.1416595695 109833.8892993697
113268.1416595695 109965.5532571188
117061.9096196851 105357.3147359013
113927.9273917635 109702.2253416207
113762.9809587150 109307.2334683735
113598.0345256665 109833.8892993697
113433.0880926180 109438.8974261225

134051.3922236813 124316.9246517676
134216.3386567298 122868.6211165278
134216.3386567298 124711.9165250148
134381.2850897782 123263.6129897750
134381.2850897782 123658.6048630222
134381.2850897782 124053.5967362695
138504.9459159909 122473.6292432806
138339.9994829424 122078.6373700334
138175.0530498939 122605.2932010297
138010.1066168454 122868.6211165278
138010.1066168454 121551.9815390371
137515.2673176999 120893.6617502917
136690.5351524574 124580.2525672657
136525.5887194088 125370.2363137602
136360.6422863603 124843.5804827639
136030.7494202633 125896.8921447564
135700.8565541663 126028.5561025055
135700.8565541663 125238.5723560111
135700.8565541663 123658.6048630222
135535.9101211178 122341.9652855315
135370.9636880693 126160.2200602546
135206.0172550208 124580.2525672657
135041.0708219723 124053.5967362695
135041.0708219723 123658.6048630222
134876.1243889238 122473.6292432806
134711.1779558753 122736.9571587787
113268.1416595695 109965.5532571188
113433.0880926180 109438.8974261225
113598.0345256665 109833.8892993697
113762.9809587150 109307.2334683735
117061.9096196851 105357.3147359013
116896.9631866366 105620.6426513995
114257.8202578605 108912.2415951262
114092.8738248120 109175.5695106244

138504.9459159909 122473.6292432806
138339.9994829424 122078.6373700334
138175.0530498939 122605.2932010297
138010.1066168454 122868.6211165278
138010.1066168454 121551.9815390371
137515.2673176999 120893.6617502917
136690.5351524574 124580.2525672657
136525.5887194088 125370.2363137602
136360.6422863603 124843.5804827639
136030.7494202633 125896.8921447564
135700.8565541663 126028.5561025055
135700.8565541663 125238.5723560111
135700.8565541663 123658.6048630222
135535.9101211178 122341.9652855315
135370.9636880693 126160.2200602546
135206.0172550208 124580.2525672657
135041.0708219723 124053.5967362695
135041.0708219723 123658.6048630222
134876.1243889238 122473.6292432806
134711.1779558753 122736.9571587787
134381.2850897782 124053.5967362695
134381.2850897782 123658.6048630222
134381.2850897782 123263.6129897750
134216.3386567298 124711.9165250148
134216.3386567298 122868.6211165278
134051.3922236813 124316.9246517676
113268.1416595695 109965.5532571188
113433.0880926180 109438.8974261225
113598.0345256665 109833.8892993697
113762.9809587150 109307.2334683735
114092.8738248120 109175.5695106244
114257.8202578605 108912.2415951262
117061.9096196851 105357.3147359013
116896.9631866366 105620.6426513995

134051.3922236813 124316.9246517676
134381.2850897782 123263.6129897750
134381.2850897782 123658.6048630222
134381.2850897782 124053.5967362695
134546.2315228268 124185.2606940185
134546.2315228268 124580.2525672657
134711.1779558753 123131.9490320260
134711.1779558753 123921.9327785204
134876.1243889238 122868.6211165278
135041.0708219723 123658.6048630222
135206.0172550208 124185.2606940185
135206.0172550208 124580.2525672657
135206.0172550208 124975.2444405129
135206.0172550208 125370.2363137602
135370.9636880693 123921.9327785204
138010.1066168454 121551.9815390371
136525.5887194088 125370.2363137602
136360.6422863603 124843.5804827639
136195.6958533118 125106.9083982620
136030.7494202633 125896.8921447564
136030.7494202633 125501.9002715092
136030.7494202633 124316.9246517676
135700.8565541663 126028.5561025055
135700.8565541663 125238.5723560111
135700.8565541663 124843.5804827639
135700.8565541663 124448.5886095167
113268.1416595695 109702.2253416207
113268.1416595695 109833.8892993697
113268.1416595695 109965.5532571188
113433.0880926180 109438.8974261225
113598.0345256665 109833.8892993697
113762.9809587150 109307.2334683735
113927.9273917635 109702.2253416207
117061.9096196851 105357.3147359013

132072.0350270992 126028.5561025055
133061.7136253902 115758.7673980780
133886.4457906327 116548.7511445724
133886.4457906327 116943.7430178196
134381.2850897782 123263.6129897750
134381.2850897782 126818.5398489999
134546.2315228268 122605.2932010297
134546.2315228268 123000.2850742769
134711.1779558753 122341.9652855315
134711.1779558753 125896.8921447564
134711.1779558753 126686.8758912509
134876.1243889238 126291.8840180037
135535.9101211178 122341.9652855315
135700.8565541663 125238.5723560111
135700.8565541663 126028.5561025055
136030.7494202633 125896.8921447564
138504.9459159909 122473.6292432806
138339.9994829424 122078.6373700334
138175.0530498939 122605.2932010297
138010.1066168454 122868.6211165278
138010.1066168454 121551.9815390371
137845.1601837969 123131.9490320260
137515.2673176999 120893.6617502917
136690.5351524574 120103.6780037973
136525.5887194088 125370.2363137602
136360.6422863603 124843.5804827639
113268.1416595695 109833.8892993697
113762.9809587150 109307.2334683735
113927.9273917635 101144.0680879310
114257.8202578605 108912.2415951262
117061.9096196851 105357.3147359013
116896.9631866366 105620.6426513995
115247.4988561515 103514.0193274143
114422.7666909090 108253.9218063809

138010.1066168454 121551.9815390371
136525.5887194088 125370.2363137602
136360.6422863603 124843.5804827639
136195.6958533118 125106.9083982620
136030.7494202633 125896.8921447564
136030.7494202633 125501.9002715092
136030.7494202633 124316.9246517676
135700.8565541663 126028.5561025055
135700.8565541663 125238.5723560111
135700.8565541663 124843.5804827639
135700.8565541663 124448.5886095167
135370.9636880693 126160.2200602546
135370.9636880693 124316.9246517676
135206.0172550208 125370.2363137602
135206.0172550208 124975.2444405129
135206.0172550208 124580.2525672657
135041.0708219723 123658.6048630222
134876.1243889238 122868.6211165278
134711.1779558753 123921.9327785204
134711.1779558753 123131.9490320260
134546.2315228268 124580.2525672657
134546.2315228268 124185.2606940185
134381.2850897782 124580.2525672657
134381.2850897782 124053.5967362695
134381.2850897782 123658.6048630222
134381.2850897782 123263.6129897750
113268.1416595695 109965.5532571188
113433.0880926180 109438.8974261225
113598.0345256665 109833.8892993697
117061.9096196851 105357.3147359013
113927.9273917635 109702.2253416207
113762.9809587150 109307.2334683735
113268.1416595695 109833.8892993697
113268.1416595695 109702.2253416207

134051.3922236813 124316.9246517676
134381.2850897782 123263.6129897750
134381.2850897782 123658.6048630222
134381.2850897782 124053.5967362695
134546.2315228268 124185.2606940185
134711.1779558753 123131.9490320260
134711.1779558753 123921.9327785204
134876.1243889238 122868.6211165278
135041.0708219723 123658.6048630222
135206.0172550208 124580.2525672657
135206.0172550208 124975.2444405129
135206.0172550208 125370.2363137602
135370.9636880693 124316.9246517676
135370.9636880693 126160.2200602546
135700.8565541663 123658.6048630222
135700.8565541663 126028.5561025055
136030.7494202633 124316.9246517676
136030.7494202633 125501.9002715092
136030.7494202633 125896.8921447564
138010.1066168454 121551.9815390371
137680.2137507484 121683.6454967862
137515.2673176999 120893.6617502917
136360.6422863603 124843.5804827639
136195.6958533118 125106.9083982620
135700.8565541663 125238.5723560111
135700.8565541663 124843.5804827639
113268.1416595695 109833.8892993697
113268.1416595695 109965.5532571188
113433.0880926180 109438.8974261225
113598.0345256665 109833.8892993697
113762.9809587150 109307.2334683735
114092.8738248120 109175.5695106244
117061.9096196851 105357.3147359013
116896.9631866366 105620.6426513995

134051.3922236813 124316.9246517676
134381.2850897782 123263.6129897750
134381.2850897782 123658.6048630222
134381.2850897782 124053.5967362695
134711.1779558753 123131.9490320260
134711.1779558753 123921.9327785204
134876.1243889238 122868.6211165278
135041.0708219723 123658.6048630222
135206.0172550208 124580.2525672657
135206.0172550208 124975.2444405129
135206.0172550208 125370.2363137602
135370.9636880693 124316.9246517676
135370.9636880693 126160.2200602546
135700.8565541663 123658.6048630222
135700.8565541663 124448.5886095167
138339.9994829424 122078.6373700334
138010.1066168454 121551.9815390371
136525.5887194088 125370.2363137602
136360.6422863603 124843.5804827639
136195.6958533118 125106.9083982620
136030.7494202633 125896.8921447564
136030.7494202633 125501.9002715092
136030.7494202633 124316.9246517676
135700.8565541663 126028.5561025055
135700.8565541663 125238.5723560111
135700.8565541663 124843.5804827639
113268.1416595695 109702.2253416207
113268.1416595695 109833.8892993697
113268.1416595695 109965.5532571188
113433.0880926180 109438.8974261225
113598.0345256665 109833.8892993697
113762.9809587150 109307.2334683735
113927.9273917635 109702.2253416207
117061.9096196851 105357.3147359013

138339.9994829424 122078.6373700334
138010.1066168454 121551.9815390371
136525.5887194088 125370.2363137602
136360.6422863603 124843.5804827639
136195.6958533118 125106.9083982620
136030.7494202633 125896.8921447564
136030.7494202633 125501.9002715092
136030.7494202633 124316.9246517676
135700.8565541663 126028.5561025055
135700.8565541663 125238.5723560111
135700.8565541663 124843.5804827639
135700.8565541663 124448.5886095167
135370.9636880693 126160.2200602546
135370.9636880693 124316.9246517676
135206.0172550208 125370.2363137602
135206.0172550208 124975.2444405129
135206.0172550208 124580.2525672657
135041.0708219723 123658.6048630222
134876.1243889238 122868.6211165278
134711.1779558753 123921.9327785204
134711.1779558753 123131.9490320260
134546.2315228268 124580.2525672657
134546.2315228268 124185.2606940185
134381.2850897782 124053.5967362695
134381.2850897782 123658.6048630222
134381.2850897782 123263.6129897750
113268.1416595695 109702.2253416207
113268.1416595695 109833.8892993697
113268.1416595695 109965.5532571188
113433.0880926180 109438.8974261225
113598.0345256665 109833.8892993697
113762.9809587150 109307.2334683735
113927.9273917635 109702.2253416207
117061.9096196851 105357.3147359013

134381.2850897782 123263.6129897750
134381.2850897782 123658.6048630222
134381.2850897782 124053.5967362695
134546.2315228268 124185.2606940185
134546.2315228268 124580.2525672657
134711.1779558753 123131.9490320260
134711.1779558753 123921.9327785204
134876.1243889238 122868.6211165278
136195.6958533118 125106.9083982620
136030.7494202633 125896.8921447564
136030.7494202633 125501.9002715092
136030.7494202633 125370.2363137602
136030.7494202633 124975.2444405129
136030.7494202633 124316.9246517676
135865.8029872148 125765.2281870074
135865.8029872148 124580.2525672657
135700.8565541663 126028.5561025055
135700.8565541663 125238.5723560111
135700.8565541663 124843.5804827639
135700.8565541663 124448.5886095167
135535.9101211178 125633.5642292583
135206.0172550208 124975.2444405129
135206.0172550208 124580.2525672657
135041.0708219723 124053.5967362695
135041.0708219723 123658.6048630222
134876.1243889238 124448.5886095167
113268.1416595695 109833.8892993697
113268.1416595695 109965.5532571188
113433.0880926180 109438.8974261225
113598.0345256665 109833.8892993697
113762.9809587150 109307.2334683735
113927.9273917635 109702.2253416207
117061.9096196851 105357.3147359013
113268.1416595695 109702.2253416207

138339.9994829424 122078.6373700334
138010.1066168454 121551.9815390371
136525.5887194088 125370.2363137602
136360.6422863603 124843.5804827639
136195.6958533118 125106.9083982620
136030.7494202633 125896.8921447564
136030.7494202633 125501.9002715092
136030.7494202633 124316.9246517676
135700.8565541663 126028.5561025055
135700.8565541663 125238.5723560111
135700.8565541663 124843.5804827639
135700.8565541663 124448.5886095167
135370.9636880693 126160.2200602546
135370.9636880693 124316.9246517676
135206.0172550208 125370.2363137602
135206.0172550208 124975.2444405129
135206.0172550208 124580.2525672657
135041.0708219723 123658.6048630222
134876.1243889238 122868.6211165278
134711.1779558753 123921.9327785204
134711.1779558753 123131.9490320260
134546.2315228268 124580.2525672657
134546.2315228268 124185.2606940185
134381.2850897782 124053.5967362695
134381.2850897782 123658.6048630222
134381.2850897782 123263.6129897750
113268.1416595695 109702.2253416207
113268.1416595695 109833.8892993697
113268.1416595695 109965.5532571188
117061.9096196851 105357.3147359013
116896.9631866366 105620.6426513995
113927.9273917635 109702.2253416207
113762.9809587150 109307.2334683735
113598.0345256665 109833.8892993697

134051.3922236813 124316.9246517676
134381.2850897782 123263.6129897750
134381.2850897782 123658.6048630222
134381.2850897782 124053.5967362695
134546.2315228268 124185.2606940185
134711.1779558753 123131.9490320260
134711.1779558753 123921.9327785204
134876.1243889238 122868.6211165278
135041.0708219723 123658.6048630222
135206.0172550208 124580.2525672657
135206.0172550208 124975.2444405129
135206.0172550208 125370.2363137602
135370.9636880693 124316.9246517676
135370.9636880693 126160.2200602546
138339.9994829424 122078.6373700334
138010.1066168454 121551.9815390371
136525.5887194088 125370.2363137602
136360.6422863603 124843.5804827639
136195.6958533118 125106.9083982620
136030.7494202633 125896.8921447564
136030.7494202633 125501.9002715092
136030.7494202633 124316.9246517676
135700.8565541663 126028.5561025055
135700.8565541663 125238.5723560111
135700.8565541663 124843.5804827639
135700.8565541663 124448.5886095167
113268.1416595695 109833.8892993697
113268.1416595695 109965.5532571188
113433.0880926180 109438.8974261225
113598.0345256665 109833.8892993697
113762.9809587150 109307.2334683735
113927.9273917635 109702.2253416207
117061.9096196851 105357.3147359013
116896.9631866366 105620.6426513995

134051.3922236813 124316.9246517676
134381.2850897782 123263.6129897750
134381.2850897782 123658.6048630222
134381.2850897782 124053.5967362695
134711.1779558753 123131.9490320260
134711.1779558753 123921.9327785204
134876.1243889238 122868.6211165278
138339.9994829424 122078.6373700334
138010.1066168454 121551.9815390371
136525.5887194088 125370.2363137602
136360.6422863603 124843.5804827639
136195.6958533118 125106.9083982620
136030.7494202633 125896.8921447564
136030.7494202633 125501.9002715092
136030.7494202633 124316.9246517676
135700.8565541663 126028.5561025055
135700.8565541663 125238.5723560111
135700.8565541663 124843.5804827639
135700.8565541663 124448.5886095167
135370.9636880693 126160.2200602546
135370.9636880693 124316.9246517676
135206.0172550208 125370.2363137602
135206.0172550208 124975.2444405129
135206.0172550208 124580.2525672657
135041.0708219723 123658.6048630222
134546.2315228268 124580.2525672657
113268.1416595695 109833.8892993697
113268.1416595695 109965.5532571188
113433.0880926180 109438.8974261225
113598.0345256665 109833.8892993697
113762.9809587150 109307.2334683735
113927.9273917635 109702.2253416207
117061.9096196851 105357.3147359013
116896.9631866366 105620.6426513995

138010.1066168454 121551.9815390371
136525.5887194088 125370.2363137602
136360.6422863603 124843.5804827639
136195.6958533118 125106.9083982620
136030.7494202633 125896.8921447564
136030.7494202633 125501.9002715092
136030.7494202633 124316.9246517676
135700.8565541663 126028.5561025055
135700.8565541663 125238.5723560111
135700.8565541663 124843.5804827639
135700.8565541663 124448.5886095167
135370.9636880693 126160.2200602546
135370.9636880693 124316.9246517676
135206.0172550208 125370.2363137602
135206.0172550208 124975.2444405129
135206.0172550208 124580.2525672657
135041.0708219723 123658.6048630222
134876.1243889238 122868.6211165278
134711.1779558753 123921.9327785204
134711.1779558753 123131.9490320260
134546.2315228268 124580.2525672657
134546.2315228268 124185.2606940185
134381.2850897782 124053.5967362695
134381.2850897782 123658.6048630222
134381.2850897782 123263.6129897750
138339.9994829424 122078.6373700334
113268.1416595695 109833.8892993697
113268.1416595695 109965.5532571188
117061.9096196851 105357.3147359013
116896.9631866366 105620.6426513995
113927.9273917635 109702.2253416207
113762.9809587150 109307.2334683735
113598.0345256665 109833.8892993697
113433.0880926180 109438.8974261225

138010.1066168454 121551.9815390371
136525.5887194088 125370.2363137602
136360.6422863603 124843.5804827639
136195.6958533118 125106.9083982620
136030.7494202633 125896.8921447564
136030.7494202633 125501.9002715092
136030.7494202633 124316.9246517676
135700.8565541663 126028.5561025055
135700.8565541663 125238.5723560111
135700.8565541663 124843.5804827639
135700.8565541663 124448.5886095167
135370.9636880693 126160.2200602546
135370.9636880693 124316.9246517676
135206.0172550208 125370.2363137602
135206.0172550208 124975.2444405129
135206.0172550208 124580.2525672657
135041.0708219723 123658.6048630222
134876.1243889238 122868.6211165278
134711.1779558753 123921.9327785204
134711.1779558753 123131.9490320260
134546.2315228268 124580.2525672657
134546.2315228268 124185.2606940185
134381.2850897782 124053.5967362695
134381.2850897782 123658.6048630222
134381.2850897782 123263.6129897750
134051.3922236813 124316.9246517676
113268.1416595695 109702.2253416207
113268.1416595695 109965.5532571188
113433.0880926180 109438.8974261225
113598.0345256665 109833.8892993697
113762.9809587150 109307.2334683735
113927.9273917635 109702.2253416207
117061.9096196851 105357.3147359013
116896.9631866366 105620.6426513995

134051.3922236813 124316.9246517676
134381.2850897782 123263.6129897750
134381.2850897782 123658.6048630222
134381.2850897782 124053.5967362695
138504.9459159909 122473.6292432806
138339.9994829424 122078.6373700334
138175.0530498939 122605.2932010297
138010.1066168454 122868.6211165278
138010.1066168454 121551.9815390371
137515.2673176999 120893.6617502917
136525.5887194088 125370.2363137602
136525.5887194088 124580.2525672657
136360.6422863603 124843.5804827639
136030.7494202633 125896.8921447564
135700.8565541663 126028.5561025055
135700.8565541663 125238.5723560111
135700.8565541663 123658.6048630222
135535.9101211178 122341.9652855315
135370.9636880693 126160.2200602546
135206.0172550208 124580.2525672657
135041.0708219723 124053.5967362695
135041.0708219723 123658.6048630222
134876.1243889238 122473.6292432806
134711.1779558753 122736.9571587787
134216.3386567298 124711.9165250148
134216.3386567298 122868.6211165278
113268.1416595695 109965.5532571188
117061.9096196851 105357.3147359013
116896.9631866366 105620.6426513995
114257.8202578605 108912.2415951262
114092.8738248120 109175.5695106244
113762.9809587150 109307.2334683735
113598.0345256665 109833.8892993697
113433.0880926180 109438.8974261225

134051.3922236813 124316.9246517676
134381.2850897782 123263.6129897750
134381.2850897782 123658.6048630222
134381.2850897782 124053.5967362695
134711.1779558753 123131.9490320260
134711.1779558753 123921.9327785204
134876.1243889238 122868.6211165278
135041.0708219723 123658.6048630222
135206.0172550208 124580.2525672657
135206.0172550208 124975.2444405129
135206.0172550208 125370.2363137602
135370.9636880693 124316.9246517676
135370.9636880693 126160.2200602546
135700.8565541663 123658.6048630222
135700.8565541663 125238.5723560111
135700.8565541663 126028.5561025055
138010.1066168454 121551.9815390371
137680.2137507484 121683.6454967862
137515.2673176999 120893.6617502917
136195.6958533118 125106.9083982620
136030.7494202633 125896.8921447564
136030.7494202633 125501.9002715092
136030.7494202633 124316.9246517676
135700.8565541663 124843.5804827639
135700.8565541663 124448.5886095167
134546.2315228268 124580.2525672657
113268.1416595695 109833.8892993697
113268.1416595695 109965.5532571188
113433.0880926180 109438.8974261225
113598.0345256665 109833.8892993697
113762.9809587150 109307.2334683735
113927.9273917635 109702.2253416207
117061.9096196851 105357.3147359013
116896.9631866366 105620.6426513995

133886.4457906327 123395.2769475241
134051.3922236813 124316.9246517676
134216.3386567298 122868.6211165278
134216.3386567298 124711.9165250148
134381.2850897782 123263.6129897750
134381.2850897782 124053.5967362695
134711.1779558753 122736.9571587787
134876.1243889238 122473.6292432806
135041.0708219723 123658.6048630222
135041.0708219723 124053.5967362695
135206.0172550208 124580.2525672657
135370.9636880693 126160.2200602546
135535.9101211178 122341.9652855315
135700.8565541663 125238.5723560111
135700.8565541663 126028.5561025055
136030.7494202633 125896.8921447564
136360.6422863603 124843.5804827639
136525.5887194088 125370.2363137602
137020.4280185543 124843.5804827639
138504.9459159909 122473.6292432806
138339.9994829424 122078.6373700334
138175.0530498939 122605.2932010297
138010.1066168454 122868.6211165278
138010.1066168454 121551.9815390371
137845.1601837969 123131.9490320260
137515.2673176999 120893.6617502917
113268.1416595695 109965.5532571188
113598.0345256665 109833.8892993697
113762.9809587150 109307.2334683735
113927.9273917635 109702.2253416207
114092.8738248120 109175.5695106244
114257.8202578605 108912.2415951262
117061.9096196851 105357.3147359013
116896.9631866366 105620.6426513995

134051.3922236813 124316.9246517676
134381.2850897782 123263.6129897750
134381.2850897782 123658.6048630222
134381.2850897782 124053.5967362695
134546.2315228268 124185.2606940185
134711.1779558753 123131.9490320260
134711.1779558753 123921.9327785204
134876.1243889238 122868.6211165278
135041.0708219723 123658.6048630222
135206.0172550208 124580.2525672657
135206.0172550208 124975.2444405129
135206.0172550208 125370.2363137602
135370.9636880693 124316.9246517676
135370.9636880693 126160.2200602546
135700.8565541663 125238.5723560111
135700.8565541663 126028.5561025055
136030.7494202633 124316.9246517676
136030.7494202633 125501.9002715092
136030.7494202633 125896.8921447564
136360.6422863603 124843.5804827639
138010.1066168454 121551.9815390371
137680.2137507484 121683.6454967862
137515.2673176999 120893.6617502917
136195.6958533118 125106.9083982620
135700.8565541663 124843.5804827639
135700.8565541663 124448.5886095167
113268.1416595695 109833.8892993697
113268.1416595695 109965.5532571188
113433.0880926180 109438.8974261225
113598.0345256665 109833.8892993697
113762.9809587150 109307.2334683735
113927.9273917635 109702.2253416207
117061.9096196851 105357.3147359013
116896.9631866366 105620.6426513995

138010.1066168454 121551.9815390371
137680.2137507484 121683.6454967862
137515.2673176999 120893.6617502917
136195.6958533118 125106.9083982620
136030.7494202633 125896.8921447564
136030.7494202633 125501.9002715092
136030.7494202633 124316.9246517676
135700.8565541663 126028.5561025055
136525.5887194088 124975.2444405129
135700.8565541663 124843.5804827639
135700.8565541663 124448.5886095167
135370.9636880693 126160.2200602546
135370.9636880693 124316.9246517676
135206.0172550208 125370.2363137602
135206.0172550208 124975.2444405129
135206.0172550208 124580.2525672657
135041.0708219723 123658.6048630222
134876.1243889238 122868.6211165278
134711.1779558753 123921.9327785204
134711.1779558753 123131.9490320260
134546.2315228268 124580.2525672657
134546.2315228268 124185.2606940185
134381.2850897782 124053.5967362695
134381.2850897782 123658.6048630222
134381.2850897782 123263.6129897750
134051.3922236813 124316.9246517676
113268.1416595695 109965.5532571188
113433.0880926180 109438.8974261225
113598.0345256665 109833.8892993697
113762.9809587150 109307.2334683735
117061.9096196851 105357.3147359013
116896.9631866366 105620.6426513995
113927.9273917635 109702.2253416207
113268.1416595695 109833.8892993697

138504.9459159909 122473.6292432806
138339.9994829424 122078.6373700334
138175.0530498939 122605.2932010297
138010.1066168454 122868.6211165278
138010.1066168454 121551.9815390371
137845.1601837969 123131.9490320260
137515.2673176999 120893.6617502917
137020.4280185543 124843.5804827639
136525.5887194088 125370.2363137602
136360.6422863603 124843.5804827639
136030.7494202633 125896.8921447564
135700.8565541663 126028.5561025055
135700.8565541663 125238.5723560111
135700.8565541663 123658.6048630222
135535.9101211178 122341.9652855315
135206.0172550208 122605.2932010297
135041.0708219723 126028.5561025055
134876.1243889238 126291.8840180037
134711.1779558753 123921.9327785204
134711.1779558753 122736.9571587787
134381.2850897782 124053.5967362695
134381.2850897782 123263.6129897750
134216.3386567298 124711.9165250148
134216.3386567298 122868.6211165278
134051.3922236813 124316.9246517676
133886.4457906327 123395.2769475241
113268.1416595695 109965.5532571188
113598.0345256665 109833.8892993697
113762.9809587150 109307.2334683735
113927.9273917635 109702.2253416207
114092.8738248120 109175.5695106244
114257.8202578605 108912.2415951262
117061.9096196851 105357.3147359013
116896.9631866366 105620.6426513995

133886.4457906327 123395.2769475241
134051.3922236813 124316.9246517676
134216.3386567298 122868.6211165278
134216.3386567298 124711.9165250148
134381.2850897782 123263.6129897750
134381.2850897782 124053.5967362695
134711.1779558753 122736.9571587787
134711.1779558753 123921.9327785204
134876.1243889238 126291.8840180037
135041.0708219723 126028.5561025055
135206.0172550208 122605.2932010297
135535.9101211178 122341.9652855315
135700.8565541663 123658.6048630222
135700.8565541663 125238.5723560111
135700.8565541663 126028.5561025055
136030.7494202633 125896.8921447564
136360.6422863603 124843.5804827639
136525.5887194088 125370.2363137602
136690.5351524574 124580.2525672657
138504.9459159909 122473.6292432806
138339.9994829424 122078.6373700334
138175.0530498939 122605.2932010297
138010.1066168454 122868.6211165278
138010.1066168454 121551.9815390371
137845.1601837969 123131.9490320260
137515.2673176999 120893.6617502917
113268.1416595695 109965.5532571188
113598.0345256665 109833.8892993697
113762.9809587150 109307.2334683735
113927.9273917635 109702.2253416207
114092.8738248120 109175.5695106244
114257.8202578605 108912.2415951262
117061.9096196851 105357.3147359013
116896.9631866366 105620.6426513995

138504.9459159909 122473.6292432806
138339.9994829424 122078.6373700334
138175.0530498939 122605.2932010297
138010.1066168454 122868.6211165278
138010.1066168454 121551.9815390371
137845.1601837969 123131.9490320260
137515.2673176999 120893.6617502917
137020.4280185543 124843.5804827639
136525.5887194088 125370.2363137602
136360.6422863603 124843.5804827639
136030.7494202633 125896.8921447564
135700.8565541663 126028.5561025055
135700.8565541663 125238.5723560111
135535.9101211178 122341.9652855315
135370.9636880693 126160.2200602546
135206.0172550208 124580.2525672657
135041.0708219723 124053.5967362695
135041.0708219723 123658.6048630222
134876.1243889238 122473.6292432806
134711.1779558753 122736.9571587787
134381.2850897782 124053.5967362695
134381.2850897782 123263.6129897750
134216.3386567298 124711.9165250148
134216.3386567298 122868.6211165278
134051.3922236813 124316.9246517676
133886.4457906327 123395.2769475241
113268.1416595695 109965.5532571188
113598.0345256665 109833.8892993697
113762.9809587150 109307.2334683735
113927.9273917635 109702.2253416207
114092.8738248120 109175.5695106244
114257.8202578605 108912.2415951262
117061.9096196851 105357.3147359013
116896.9631866366 105620.6426513995

134051.3922236813 124316.9246517676
134381.2850897782 123263.6129897750
134381.2850897782 123658.6048630222
134381.2850897782 124053.5967362695
134546.2315228268 124185.2606940185
134711.1779558753 123131.9490320260
134711.1779558753 123921.9327785204
134876.1243889238 122868.6211165278
135041.0708219723 123658.6048630222
135206.0172550208 124580.2525672657
135206.0172550208 124975.2444405129
135206.0172550208 125370.2363137602
135370.9636880693 124316.9246517676
135370.9636880693 126160.2200602546
135700.8565541663 125238.5723560111
135700.8565541663 126028.5561025055
136030.7494202633 125896.8921447564
136360.6422863603 124843.5804827639
138504.9459159909 122605.2932010297
138010.1066168454 121551.9815390371
137680.2137507484 121683.6454967862
137515.2673176999 120893.6617502917
136525.5887194088 125370.2363137602
136525.5887194088 124975.2444405129
136030.7494202633 125501.9002715092
136030.7494202633 124316.9246517676
113268.1416595695 109965.5532571188
117061.9096196851 105357.3147359013
116896.9631866366 105620.6426513995
113927.9273917635 109702.2253416207
113762.9809587150 109307.2334683735
113598.0345256665 109833.8892993697
113433.0880926180 109438.8974261225
113268.1416595695 109833.8892993697

134051.3922236813 124316.9246517676
134381.2850897782 123263.6129897750
134381.2850897782 123658.6048630222
134381.2850897782 124053.5967362695
138010.1066168454 121551.9815390371
137680.2137507484 121683.6454967862
137515.2673176999 120893.6617502917
136525.5887194088 125370.2363137602
136525.5887194088 124975.2444405129
136360.6422863603 124843.5804827639
136030.7494202633 125896.8921447564
136030.7494202633 125501.9002715092
136030.7494202633 124316.9246517676
135700.8565541663 126028.5561025055
135700.8565541663 125238.5723560111
135700.8565541663 123658.6048630222
135370.9636880693 126160.2200602546
135370.9636880693 124316.9246517676
135206.0172550208 125370.2363137602
135206.0172550208 124975.2444405129
135206.0172550208 124580.2525672657
135041.0708219723 123658.6048630222
134876.1243889238 122868.6211165278
134711.1779558753 123921.9327785204
134711.1779558753 123131.9490320260
134546.2315228268 124185.2606940185
113268.1416595695 109833.8892993697
113268.1416595695 109965.5532571188
113433.0880926180 109438.8974261225
113598.0345256665 109833.8892993697
113762.9809587150 109307.2334683735
113927.9273917635 109702.2253416207
117061.9096196851 105357.3147359013
116896.9631866366 105620.6426513995

138010.1066168454 121551.9815390371
136525.5887194088 125370.2363137602
136360.6422863603 124843.5804827639
136195.6958533118 125106.9083982620
136030.7494202633 125896.8921447564
136030.7494202633 125501.9002715092
136030.7494202633 124316.9246517676
135700.8565541663 126028.5561025055
135700.8565541663 125238.5723560111
135700.8565541663 124843.5804827639
135700.8565541663 124448.5886095167
135370.9636880693 126160.2200602546
135370.9636880693 124316.9246517676
135206.0172550208 125370.2363137602
135206.0172550208 124975.2444405129
135206.0172550208 124580.2525672657
135041.0708219723 123658.6048630222
134876.1243889238 122868.6211165278
134711.1779558753 123921.9327785204
134711.1779558753 123131.9490320260
134546.2315228268 124580.2525672657
134546.2315228268 124185.2606940185
134381.2850897782 124053.5967362695
134381.2850897782 123658.6048630222
134381.2850897782 123263.6129897750
135041.0708219723 124580.2525672657
113268.1416595695 109833.8892993697
113268.1416595695 109965.5532571188
113433.0880926180 109438.8974261225
113598.0345256665 109833.8892993697
113762.9809587150 109307.2334683735
113927.9273917635 109702.2253416207
117061.9096196851 105357.3147359013
116896.9631866366 105620.6426513995

134051.3922236813 124316.9246517676
134381.2850897782 123263.6129897750
134381.2850897782 123658.6048630222
134381.2850897782 124053.5967362695
134546.2315228268 124185.2606940185
134546.2315228268 124580.2525672657
134711.1779558753 123131.9490320260
134711.1779558753 123921.9327785204
134876.1243889238 122868.6211165278
135041.0708219723 123658.6048630222
135206.0172550208 124580.2525672657
135206.0172550208 124975.2444405129
135206.0172550208 125370.2363137602
135370.9636880693 124316.9246517676
135370.9636880693 126160.2200602546
135700.8565541663 124448.5886095167
135700.8565541663 124843.5804827639
135700.8565541663 125238.5723560111
135700.8565541663 126028.5561025055
136030.7494202633 124316.9246517676
136030.7494202633 125501.9002715092
136030.7494202633 125896.8921447564
136195.6958533118 125106.9083982620
138010.1066168454 121551.9815390371
137680.2137507484 121683.6454967862
137515.2673176999 120893.6617502917
113268.1416595695 109833.8892993697
113268.1416595695 109965.5532571188
113433.0880926180 109438.8974261225
113598.0345256665 109833.8892993697
113762.9809587150 109307.2334683735
113927.9273917635 109702.2253416207
117061.9096196851 105357.3147359013
116896.9631866366 105620.6426513995

134051.3922236813 124316.9246517676
134381.2850897782 123263.6129897750
134381.2850897782 123658.6048630222
134381.2850897782 124053.5967362695
134546.2315228268 124185.2606940185
134711.1779558753 123131.9490320260
134711.1779558753 123921.9327785204
134876.1243889238 122868.6211165278
135041.0708219723 123658.6048630222
135206.0172550208 124580.2525672657
135206.0172550208 124975.2444405129
135206.0172550208 125370.2363137602
135370.9636880693 124316.9246517676
135370.9636880693 126160.2200602546
135700.8565541663 123658.6048630222
135700.8565541663 124448.5886095167
135700.8565541663 124843.5804827639
135700.8565541663 125238.5723560111
135700.8565541663 126028.5561025055
136030.7494202633 124316.9246517676
136030.7494202633 125501.9002715092
136030.7494202633 125896.8921447564
136195.6958533118 125106.9083982620
136360.6422863603 124843.5804827639
136525.5887194088 125370.2363137602
138010.1066168454 121551.9815390371
113268.1416595695 109833.8892993697
113268.1416595695 109965.5532571188
113433.0880926180 109438.8974261225
117061.9096196851 105357.3147359013
113927.9273917635 109702.2253416207
113762.9809587150 109307.2334683735
113598.0345256665 109833.8892993697
113268.1416595695 109702.2253416207

134051.3922236813 124316.9246517676
134381.2850897782 123263.6129897750
134381.2850897782 123658.6048630222
134381.2850897782 124053.5967362695
134546.2315228268 124185.2606940185
134711.1779558753 123131.9490320260
134711.1779558753 123921.9327785204
134876.1243889238 122868.6211165278
138010.1066168454 121551.9815390371
137680.2137507484 121683.6454967862
137515.2673176999 120893.6617502917
136525.5887194088 125370.2363137602
136525.5887194088 124975.2444405129
136360.6422863603 124843.5804827639
136030.7494202633 125896.8921447564
136030.7494202633 125501.9002715092
136030.7494202633 124316.9246517676
135700.8565541663 126028.5561025055
135700.8565541663 125238.5723560111
135700.8565541663 123658.6048630222
135370.9636880693 126160.2200602546
135370.9636880693 124316.9246517676
135206.0172550208 125370.2363137602
135206.0172550208 124975.2444405129
135206.0172550208 124580.2525672657
135041.0708219723 123658.6048630222
113268.1416595695 109833.8892993697
113268.1416595695 109965.5532571188
113433.0880926180 109438.8974261225
117061.9096196851 105357.3147359013
116896.9631866366 105620.6426513995
113927.9273917635 109702.2253416207
113762.9809587150 109307.2334683735
113598.0345256665 109833.8892993697

134051.3922236813 124316.9246517676
134216.3386567298 124711.9165250148
134381.2850897782 123263.6129897750
134381.2850897782 123658.6048630222
134381.2850897782 124053.5967362695
138504.9459159909 122473.6292432806
138339.9994829424 122078.6373700334
138175.0530498939 122605.2932010297
138010.1066168454 122868.6211165278
138010.1066168454 121551.9815390371
137515.2673176999 120893.6617502917
136690.5351524574 124580.2525672657
136525.5887194088 125370.2363137602
136360.6422863603 124843.5804827639
136030.7494202633 125896.8921447564
135700.8565541663 126028.5561025055
135700.8565541663 125238.5723560111
135700.8565541663 123658.6048630222
135535.9101211178 122341.9652855315
135370.9636880693 126160.2200602546
135206.0172550208 124580.2525672657
135041.0708219723 124053.5967362695
135041.0708219723 123658.6048630222
134876.1243889238 122473.6292432806
134711.1779558753 122736.9571587787
134216.3386567298 122868.6211165278
113268.1416595695 109965.5532571188
113598.0345256665 109833.8892993697
113762.9809587150 109307.2334683735
117061.9096196851 105357.3147359013
116896.9631866366 105620.6426513995
114092.8738248120 109175.5695106244
113927.9273917635 109702.2253416207
113433.0880926180 109438.8974261225

138504.9459159909 122473.6292432806
138339.9994829424 122078.6373700334
138175.0530498939 122605.2932010297
138010.1066168454 122868.6211165278
138010.1066168454 121551.9815390371
137845.1601837969 123131.9490320260
137515.2673176999 120893.6617502917
136690.5351524574 120103.6780037973
136525.5887194088 125370.2363137602
136360.6422863603 124843.5804827639
136030.7494202633 125896.8921447564
135700.8565541663 126028.5561025055
135700.8565541663 125238.5723560111
135535.9101211178 122341.9652855315
134876.1243889238 126291.8840180037
134711.1779558753 126686.8758912509
134711.1779558753 125896.8921447564
134711.1779558753 122341.9652855315
134546.2315228268 123000.2850742769
134546.2315228268 122605.2932010297
134381.2850897782 126818.5398489999
134381.2850897782 123263.6129897750
133886.4457906327 116943.7430178196
133886.4457906327 116548.7511445724
133061.7136253902 115758.7673980780
132072.0350270992 126028.5561025055
113268.1416595695 109833.8892993697
113927.9273917635 109702.2253416207
117061.9096196851 105357.3147359013
116896.9631866366 105620.6426513995
114422.7666909090 108253.9218063809
114257.8202578605 108912.2415951262
113762.9809587150 111545.5207501077
114917.6059900545 109965.5532571188

138504.9459159909 122473.6292432806
138339.9994829424 122078.6373700334
138175.0530498939 122605.2932010297
138010.1066168454 122868.6211165278
138010.1066168454 121551.9815390371
137845.1601837969 123131.9490320260
137515.2673176999 120893.6617502917
136690.5351524574 120103.6780037973
136525.5887194088 125370.2363137602
136360.6422863603 124843.5804827639
136030.7494202633 125896.8921447564
135700.8565541663 126028.5561025055
135700.8565541663 125238.5723560111
135535.9101211178 122341.9652855315
134876.1243889238 126291.8840180037
134711.1779558753 126686.8758912509
134711.1779558753 125896.8921447564
134711.1779558753 122341.9652855315
134546.2315228268 123000.2850742769
134546.2315228268 122605.2932010297
134381.2850897782 126818.5398489999
134381.2850897782 123263.6129897750
133886.4457906327 116943.7430178196
133886.4457906327 116548.7511445724
133061.7136253902 115758.7673980780
132072.0350270992 126028.5561025055
113268.1416595695 109833.8892993697
113927.9273917635 109702.2253416207
117061.9096196851 105357.3147359013
116896.9631866366 105620.6426513995
114422.7666909090 108253.9218063809
114257.8202578605 108912.2415951262
113762.9809587150 111545.5207501077
113762.9809587150 109307.2334683735

134051.3922236813 124316.9246517676
134381.2850897782 123263.6129897750
134381.2850897782 123658.6048630222
134381.2850897782 124053.5967362695
134546.2315228268 124185.2606940185
134711.1779558753 123131.9490320260
134711.1779558753 123921.9327785204
134876.1243889238 122868.6211165278
135041.0708219723 123658.6048630222
135206.0172550208 124580.2525672657
135206.0172550208 124975.2444405129
135206.0172550208 125370.2363137602
135370.9636880693 124316.9246517676
135370.9636880693 126160.2200602546
138010.1066168454 121551.9815390371
137680.2137507484 121683.6454967862
137515.2673176999 120893.6617502917
136525.5887194088 125370.2363137602
136525.5887194088 124975.2444405129
136360.6422863603 124843.5804827639
136030.7494202633 125896.8921447564
136030.7494202633 125501.9002715092
136030.7494202633 124316.9246517676
135700.8565541663 126028.5561025055
135700.8565541663 125238.5723560111
135700.8565541663 124843.5804827639
113268.1416595695 109833.8892993697
113268.1416595695 109965.5532571188
113433.0880926180 109438.8974261225
113598.0345256665 109833.8892993697
113762.9809587150 109307.2334683735
113927.9273917635 109702.2253416207
117061.9096196851 105357.3147359013
116896.9631866366 105620.6426513995

129597.8385313716 132743.4179477082
130917.4099957596 129846.8108772286
131742.1421610021 128003.5154687416
131742.1421610021 129451.8190039814
131907.0885940507 128398.5073419888
132236.9814601477 126686.8758912509
138504.9459159909 122473.6292432806
138339.9994829424 122078.6373700334
138175.0530498939 122605.2932010297
138010.1066168454 122868.6211165278
137515.2673176999 120893.6617502917
136525.5887194088 125370.2363137602
136360.6422863603 124843.5804827639
136360.6422863603 123658.6048630222
136030.7494202633 125896.8921447564
135700.8565541663 126028.5561025055
135700.8565541663 125238.5723560111
135535.9101211178 122341.9652855315
135370.9636880693 121946.9734122843
135206.0172550208 122605.2932010297
135041.0708219723 126028.5561025055
135041.0708219723 123658.6048630222
132731.8207592932 129320.1550462323
132566.8743262447 127871.8515109925
133061.7136253902 125896.8921447564
131247.3028618566 128793.4992152360
113598.0345256665 100617.4122569347
113927.9273917635 101144.0680879310
114092.8738248120 101539.0599611782
114257.8202578605 102329.0437076727
114422.7666909090 102065.7157921745
115907.2845883456 104698.9949471560
115247.4988561515 103514.0193274143
115082.5524231030 103119.0274541671

138504.9459159909 122473.6292432806
138339.9994829424 122078.6373700334
138175.0530498939 123395.2769475241
138175.0530498939 122605.2932010297
138010.1066168454 122868.6211165278
138010.1066168454 121551.9815390371
137515.2673176999 120893.6617502917
136690.5351524574 120103.6780037973
136525.5887194088 125370.2363137602
136360.6422863603 124843.5804827639
136030.7494202633 125896.8921447564
135700.8565541663 126028.5561025055
135700.8565541663 125238.5723560111
135535.9101211178 122341.9652855315
134876.1243889238 126291.8840180037
134711.1779558753 126686.8758912509
134711.1779558753 125896.8921447564
134711.1779558753 122341.9652855315
134546.2315228268 123000.2850742769
134546.2315228268 122605.2932010297
134381.2850897782 126818.5398489999
134381.2850897782 124053.5967362695
134381.2850897782 123263.6129897750
133886.4457906327 123395.2769475241
133886.4457906327 116943.7430178196
133556.5529245357 116417.0871868233
113268.1416595695 109965.5532571188
113598.0345256665 109833.8892993697
113762.9809587150 109307.2334683735
113927.9273917635 109702.2253416207
114257.8202578605 108912.2415951262
117061.9096196851 105357.3147359013
116896.9631866366 105620.6426513995
116237.1774544426 105620.6426513995

134051.3922236813 124316.9246517676
134381.2850897782 123263.6129897750
134381.2850897782 123658.6048630222
134381.2850897782 124053.5967362695
134546.2315228268 124185.2606940185
134546.2315228268 124580.2525672657
134711.1779558753 123131.9490320260
134711.1779558753 123921.9327785204
134876.1243889238 122868.6211165278
135041.0708219723 123658.6048630222
135206.0172550208 124580.2525672657
135206.0172550208 124975.2444405129
135206.0172550208 125370.2363137602
135370.9636880693 124316.9246517676
135370.9636880693 126160.2200602546
138010.1066168454 121551.9815390371
136525.5887194088 125370.2363137602
136360.6422863603 124843.5804827639
136195.6958533118 125106.9083982620
136030.7494202633 125896.8921447564
136030.7494202633 125501.9002715092
136030.7494202633 124316.9246517676
135700.8565541663 126028.5561025055
135700.8565541663 125238.5723560111
135700.8565541663 124843.5804827639
135700.8565541663 124448.5886095167
113268.1416595695 109833.8892993697
113268.1416595695 109965.5532571188
113433.0880926180 109438.8974261225
113598.0345256665 109833.8892993697
113762.9809587150 109307.2334683735
113927.9273917635 109702.2253416207
117061.9096196851 105357.3147359013
116896.9631866366 105620.6426513995

138504.9459159909 122473.6292432806
138339.9994829424 122078.6373700334
138175.0530498939 123263.6129897750
138175.0530498939 122605.2932010297
138010.1066168454 122868.6211165278
138010.1066168454 121551.9815390371
137515.2673176999 120893.6617502917
136690.5351524574 120103.6780037973
136525.5887194088 125370.2363137602
136360.6422863603 124843.5804827639
136030.7494202633 125896.8921447564
135700.8565541663 126028.5561025055
135700.8565541663 125238.5723560111
135535.9101211178 122341.9652855315
134876.1243889238 126291.8840180037
134711.1779558753 126686.8758912509
134711.1779558753 125896.8921447564
134711.1779558753 122341.9652855315
134546.2315228268 123000.2850742769
134546.2315228268 122605.2932010297
134381.2850897782 126818.5398489999
134381.2850897782 124053.5967362695
134381.2850897782 123263.6129897750
133886.4457906327 123395.2769475241
133556.5529245357 116417.0871868233
133391.6064914872 124316.9246517676
113268.1416595695 109833.8892993697
113762.9809587150 109307.2334683735
113927.9273917635 109702.2253416207
114257.8202578605 108912.2415951262
114917.6059900545 108648.9136796281
116237.1774544426 105620.6426513995
116896.9631866366 105620.6426513995
117061.9096196851 105357.3147359013

138504.9459159909 122473.6292432806
138339.9994829424 122078.6373700334
138175.0530498939 123395.2769475241
138175.0530498939 122605.2932010297
138010.1066168454 122868.6211165278
138010.1066168454 121551.9815390371
137515.2673176999 120893.6617502917
136690.5351524574 120103.6780037973
136525.5887194088 125370.2363137602
136360.6422863603 124843.5804827639
136030.7494202633 125896.8921447564
135700.8565541663 126028.5561025055
135700.8565541663 125238.5723560111
135535.9101211178 122341.9652855315
135370.9636880693 122736.9571587787
134876.1243889238 126291.8840180037
134711.1779558753 126686.8758912509
134711.1779558753 125896.8921447564
134546.2315228268 123000.2850742769
134546.2315228268 122605.2932010297
134381.2850897782 126818.5398489999
134381.2850897782 124053.5967362695
134381.2850897782 123263.6129897750
133886.4457906327 116943.7430178196
133556.5529245357 116417.0871868233
133391.6064914872 124316.9246517676
113268.1416595695 109965.5532571188
117061.9096196851 105357.3147359013
116896.9631866366 105620.6426513995
116237.1774544426 105620.6426513995
114257.8202578605 108912.2415951262
113927.9273917635 109702.2253416207
113762.9809587150 109307.2334683735
113598.0345256665 109833.8892993697

138504.9459159909 122473.6292432806
138339.9994829424 122078.6373700334
138175.0530498939 123395.2769475241
138175.0530498939 122605.2932010297
138010.1066168454 122868.6211165278
138010.1066168454 121551.9815390371
137515.2673176999 120893.6617502917
136690.5351524574 120103.6780037973
136525.5887194088 125370.2363137602
136360.6422863603 124843.5804827639
136030.7494202633 125896.8921447564
135700.8565541663 126028.5561025055
135700.8565541663 125238.5723560111
135535.9101211178 122341.9652855315
135370.9636880693 122736.9571587787
134876.1243889238 126291.8840180037
134711.1779558753 126686.8758912509
134711.1779558753 125896.8921447564
134546.2315228268 123000.2850742769
134546.2315228268 122605.2932010297
134381.2850897782 126818.5398489999
134381.2850897782 124053.5967362695
134381.2850897782 123263.6129897750
133886.4457906327 116943.7430178196
133556.5529245357 116417.0871868233
133391.6064914872 124316.9246517676
117061.9096196851 105357.3147359013
116896.9631866366 105620.6426513995
116237.1774544426 105620.6426513995
114257.8202578605 108912.2415951262
113927.9273917635 109702.2253416207
113762.9809587150 109307.2334683735
113598.0345256665 109833.8892993697
113268.1416595695 109965.5532571188

133391.6064914872 124316.9246517676
133556.5529245357 116417.0871868233
133886.4457906327 116943.7430178196
134381.2850897782 123263.6129897750
134381.2850897782 124053.5967362695
134381.2850897782 126818.5398489999
134546.2315228268 122605.2932010297
134546.2315228268 123000.2850742769
134711.1779558753 122341.9652855315
134711.1779558753 125896.8921447564
134711.1779558753 126686.8758912509
134876.1243889238 126291.8840180037
135535.9101211178 122341.9652855315
135700.8565541663 125238.5723560111
135700.8565541663 126028.5561025055
136030.7494202633 125896.8921447564
136360.6422863603 124843.5804827639
136525.5887194088 125370.2363137602
136690.5351524574 120103.6780037973
137515.2673176999 120893.6617502917
138010.1066168454 121551.9815390371
138010.1066168454 122868.6211165278
138175.0530498939 122605.2932010297
138175.0530498939 123395.2769475241
138339.9994829424 122078.6373700334
138504.9459159909 122473.6292432806
113268.1416595695 109833.8892993697
113762.9809587150 109307.2334683735
113927.9273917635 109702.2253416207
114257.8202578605 108912.2415951262
117061.9096196851 105357.3147359013
116896.9631866366 105620.6426513995
116237.1774544426 105620.6426513995
114092.8738248120 109175.5695106244

133886.4457906327 123395.2769475241
138504.9459159909 122473.6292432806
138339.9994829424 122078.6373700334
138175.0530498939 123395.2769475241
138175.0530498939 122605.2932010297
138010.1066168454 122868.6211165278
138010.1066168454 121551.9815390371
137515.2673176999 120893.6617502917
136690.5351524574 120103.6780037973
136525.5887194088 125370.2363137602
136360.6422863603 124843.5804827639
136030.7494202633 125896.8921447564
135700.8565541663 126028.5561025055
135700.8565541663 125238.5723560111
135535.9101211178 122341.9652855315
134876.1243889238 126291.8840180037
134711.1779558753 126686.8758912509
134711.1779558753 125896.8921447564
134711.1779558753 122341.9652855315
134546.2315228268 123000.2850742769
134546.2315228268 122605.2932010297
134381.2850897782 126818.5398489999
134381.2850897782 124053.5967362695
134381.2850897782 123263.6129897750
133886.4457906327 116943.7430178196
133556.5529245357 116417.0871868233
113268.1416595695 109965.5532571188
117061.9096196851 105357.3147359013
116896.9631866366 105620.6426513995
116237.1774544426 105620.6426513995
114257.8202578605 108912.2415951262
113927.9273917635 109702.2253416207
113762.9809587150 109307.2334683735
113598.0345256665 109833.8892993697

137845.1601837969 123131.9490320260
138504.9459159909 122473.6292432806
138339.9994829424 122078.6373700334
138175.0530498939 122605.2932010297
138010.1066168454 122868.6211165278
138010.1066168454 121551.9815390371
137515.2673176999 120893.6617502917
137020.4280185543 124843.5804827639
136525.5887194088 125370.2363137602
136360.6422863603 124843.5804827639
136030.7494202633 125896.8921447564
135700.8565541663 126028.5561025055
135700.8565541663 125238.5723560111
135700.8565541663 123658.6048630222
135535.9101211178 122341.9652855315
135370.9636880693 121946.9734122843
135206.0172550208 122605.2932010297
135041.0708219723 126028.5561025055
134876.1243889238 126291.8840180037
134711.1779558753 123921.9327785204
134711.1779558753 122736.9571587787
134381.2850897782 124053.5967362695
134381.2850897782 123263.6129897750
134216.3386567298 124711.9165250148
134216.3386567298 122868.6211165278
134051.3922236813 124316.9246517676
113268.1416595695 109965.5532571188
113433.0880926180 109438.8974261225
113598.0345256665 109833.8892993697
113762.9809587150 109307.2334683735
114092.8738248120 109175.5695106244
114257.8202578605 108912.2415951262
117061.9096196851 105357.3147359013
116896.9631866366 105620.6426513995

138504.9459159909 122473.6292432806
138339.9994829424 122078.6373700334
138175.0530498939 122605.2932010297
138010.1066168454 122868.6211165278
138010.1066168454 121551.9815390371
137515.2673176999 120893.6617502917
136690.5351524574 124580.2525672657
136525.5887194088 125370.2363137602
136360.6422863603 124843.5804827639
136030.7494202633 125896.8921447564
135700.8565541663 126028.5561025055
135700.8565541663 125238.5723560111
135700.8565541663 123658.6048630222
135370.9636880693 126160.2200602546
135206.0172550208 124975.2444405129
135206.0172550208 124580.2525672657
135041.0708219723 126291.8840180037
135041.0708219723 124053.5967362695
134876.1243889238 122868.6211165278
134876.1243889238 122473.6292432806
134381.2850897782 124053.5967362695
134381.2850897782 123263.6129897750
134216.3386567298 124711.9165250148
134216.3386567298 122868.6211165278
134051.3922236813 124316.9246517676
133886.4457906327 123395.2769475241
113268.1416595695 109965.5532571188
117061.9096196851 105357.3147359013
116896.9631866366 105620.6426513995
114257.8202578605 108912.2415951262
114092.8738248120 109175.5695106244
113927.9273917635 109702.2253416207
113762.9809587150 109307.2334683735
113598.0345256665 109833.8892993697

133886.4457906327 123395.2769475241
134051.3922236813 124316.9246517676
134216.3386567298 122868.6211165278
134216.3386567298 124711.9165250148
134381.2850897782 123263.6129897750
134381.2850897782 124053.5967362695
134876.1243889238 122473.6292432806
134876.1243889238 122868.6211165278
138504.9459159909 122473.6292432806
138339.9994829424 122078.6373700334
138175.0530498939 122605.2932010297
138010.1066168454 122868.6211165278
138010.1066168454 121551.9815390371
137515.2673176999 120893.6617502917
136690.5351524574 124580.2525672657
136525.5887194088 125370.2363137602
136360.6422863603 124843.5804827639
136030.7494202633 125896.8921447564
135700.8565541663 126028.5561025055
135700.8565541663 125238.5723560111
135700.8565541663 123658.6048630222
135370.9636880693 126160.2200602546
135206.0172550208 124975.2444405129
135206.0172550208 124580.2525672657
135041.0708219723 126291.8840180037
135041.0708219723 124053.5967362695
113268.1416595695 109965.5532571188
113598.0345256665 109833.8892993697
113762.9809587150 109307.2334683735
113927.9273917635 109702.2253416207
114092.8738248120 109175.5695106244
114257.8202578605 108912.2415951262
117061.9096196851 105357.3147359013
116896.9631866366 105620.6426513995

130257.6242635656 131690.1062857156
130422.5706966141 131163.4504547193
130917.4099957596 129451.8190039814
131247.3028618566 128793.4992152360
131577.1957279537 130636.7946237230
131742.1421610021 128003.5154687416
131742.1421610021 129451.8190039814
131907.0885940507 128398.5073419888
132566.8743262447 127871.8515109925
138504.9459159909 122473.6292432806
138339.9994829424 122078.6373700334
138175.0530498939 122605.2932010297
138010.1066168454 122868.6211165278
136360.6422863603 123658.6048630222
137515.2673176999 120893.6617502917
136525.5887194088 125370.2363137602
136360.6422863603 124843.5804827639
136030.7494202633 125896.8921447564
135700.8565541663 126028.5561025055
135700.8565541663 125238.5723560111
135700.8565541663 123658.6048630222
135535.9101211178 122341.9652855315
135370.9636880693 121946.9734122843
135206.0172550208 122605.2932010297
135041.0708219723 126028.5561025055
135041.0708219723 123658.6048630222
113598.0345256665 100617.4122569347
113927.9273917635 101144.0680879310
114092.8738248120 101539.0599611782
114257.8202578605 102329.0437076727
114422.7666909090 102065.7157921745
115082.5524231030 103119.0274541671
115247.4988561515 103514.0193274143
115907.2845883456 104698.9949471560

130257.6242635656 131690.1062857156
130422.5706966141 131163.4504547193
130917.4099957596 129451.8190039814
131247.3028618566 128793.4992152360
131577.1957279537 130636.7946237230
131742.1421610021 128003.5154687416
131742.1421610021 129451.8190039814
131907.0885940507 128398.5073419888
132566.8743262447 127871.8515109925
138504.9459159909 122473.6292432806
138339.9994829424 122078.6373700334
138175.0530498939 122605.2932010297
138010.1066168454 122868.6211165278
138010.1066168454 121551.9815390371
137515.2673176999 120893.6617502917
136690.5351524574 124580.2525672657
136525.5887194088 125370.2363137602
136360.6422863603 124843.5804827639
136030.7494202633 125896.8921447564
135700.8565541663 126028.5561025055
135700.8565541663 125238.5723560111
135700.8565541663 123658.6048630222
135535.9101211178 122341.9652855315
135370.9636880693 121946.9734122843
135206.0172550208 122605.2932010297
135041.0708219723 126028.5561025055
113598.0345256665 100617.4122569347
113927.9273917635 101144.0680879310
114092.8738248120 101539.0599611782
114257.8202578605 102329.0437076727
114422.7666909090 102065.7157921745
115082.5524231030 103119.0274541671
115247.4988561515 103514.0193274143
115577.3917222486 104567.3309894069

132072.0350270992 126028.5561025055
133061.7136253902 115758.7673980780
133886.4457906327 116548.7511445724
133886.4457906327 116943.7430178196
134381.2850897782 123263.6129897750
134381.2850897782 124053.5967362695
134381.2850897782 126818.5398489999
134546.2315228268 122605.2932010297
134711.1779558753 122341.9652855315
134711.1779558753 125896.8921447564
134711.1779558753 126686.8758912509
134876.1243889238 126291.8840180037
135370.9636880693 121946.9734122843
135535.9101211178 122341.9652855315
135700.8565541663 123658.6048630222
135700.8565541663 125238.5723560111
135700.8565541663 126028.5561025055
138504.9459159909 122473.6292432806
138339.9994829424 122078.6373700334
138175.0530498939 122605.2932010297
138010.1066168454 122868.6211165278
138010.1066168454 121551.9815390371
137515.2673176999 120893.6617502917
136360.6422863603 124843.5804827639
136360.6422863603 119840.3500882992
136030.7494202633 125896.8921447564
117061.9096196851 105357.3147359013
116896.9631866366 105620.6426513995
116237.1774544426 105620.6426513995
114587.7131239575 111282.1928346095
114257.8202578605 108912.2415951262
113927.9273917635 109702.2253416207
113762.9809587150 109307.2334683735
113598.0345256665 109833.8892993697

132072.0350270992 126028.5561025055
132072.0350270992 127213.5317222472
133886.4457906327 116548.7511445724
133886.4457906327 116943.7430178196
134381.2850897782 123263.6129897750
134381.2850897782 124053.5967362695
134546.2315228268 122605.2932010297
134711.1779558753 117997.0546798122
134711.1779558753 122341.9652855315
134711.1779558753 125896.8921447564
134711.1779558753 126686.8758912509
134876.1243889238 126291.8840180037
135370.9636880693 121946.9734122843
135535.9101211178 122341.9652855315
135700.8565541663 121420.3175812880
135700.8565541663 123658.6048630222
135700.8565541663 125238.5723560111
135700.8565541663 126028.5561025055
136030.7494202633 125896.8921447564
136360.6422863603 124843.5804827639
136525.5887194088 119840.3500882992
137515.2673176999 120893.6617502917
137680.2137507484 121683.6454967862
137845.1601837969 123000.2850742769
138010.1066168454 121551.9815390371
138504.9459159909 122473.6292432806
113268.1416595695 109833.8892993697
116402.1238874911 105357.3147359013
116237.1774544426 105620.6426513995
116072.2310213941 104830.6589049050
114257.8202578605 102065.7157921745
115247.4988561515 103514.0193274143
114257.8202578605 108912.2415951262
113598.0345256665 109307.2334683735

138504.9459159909 122473.6292432806
138339.9994829424 122078.6373700334
138175.0530498939 122605.2932010297
138010.1066168454 122868.6211165278
138010.1066168454 121551.9815390371
137515.2673176999 120893.6617502917
136360.6422863603 124843.5804827639
136360.6422863603 119840.3500882992
136030.7494202633 125896.8921447564
135700.8565541663 126028.5561025055
135700.8565541663 125238.5723560111
135700.8565541663 123658.6048630222
135535.9101211178 122341.9652855315
135370.9636880693 121946.9734122843
134876.1243889238 126291.8840180037
134711.1779558753 126686.8758912509
134711.1779558753 125896.8921447564
134711.1779558753 122341.9652855315
134546.2315228268 122605.2932010297
134381.2850897782 126818.5398489999
134381.2850897782 124053.5967362695
134381.2850897782 123263.6129897750
133886.4457906327 116943.7430178196
133886.4457906327 116548.7511445724
133061.7136253902 115758.7673980780
132072.0350270992 126028.5561025055
113268.1416595695 109833.8892993697
113598.0345256665 109307.2334683735
114257.8202578605 108912.2415951262
115247.4988561515 105093.9868204032
115412.4452892001 107332.2741021374
117061.9096196851 105357.3147359013
116896.9631866366 105620.6426513995
114587.7131239575 111282.1928346095

132072.0350270992 126028.5561025055
132072.0350270992 127213.5317222472
133886.4457906327 116548.7511445724
133886.4457906327 116943.7430178196
138504.9459159909 122473.6292432806
138339.9994829424 122078.6373700334
138175.0530498939 122605.2932010297
138010.1066168454 122868.6211165278
138010.1066168454 121551.9815390371
137515.2673176999 120893.6617502917
136360.6422863603 124843.5804827639
136360.6422863603 119840.3500882992
136030.7494202633 125896.8921447564
135700.8565541663 126028.5561025055
135700.8565541663 125238.5723560111
135700.8565541663 123658.6048630222
135535.9101211178 122341.9652855315
135370.9636880693 121946.9734122843
134876.1243889238 126291.8840180037
134711.1779558753 126686.8758912509
134711.1779558753 125896.8921447564
134711.1779558753 122341.9652855315
134546.2315228268 122605.2932010297
134381.2850897782 126818.5398489999
134381.2850897782 124053.5967362695
134381.2850897782 123263.6129897750
113268.1416595695 109833.8892993697
113598.0345256665 109307.2334683735
114257.8202578605 108912.2415951262
115247.4988561515 103514.0193274143
115412.4452892001 107332.2741021374
117061.9096196851 105357.3147359013
116896.9631866366 105620.6426513995
116237.1774544426 105620.6426513995

132072.0350270992 126028.5561025055
133061.7136253902 115758.7673980780
133886.4457906327 116548.7511445724
133886.4457906327 116943.7430178196
134381.2850897782 123263.6129897750
134381.2850897782 124053.5967362695
134381.2850897782 126818.5398489999
134546.2315228268 122605.2932010297
134711.1779558753 122341.9652855315
134711.1779558753 125896.8921447564
134711.1779558753 126686.8758912509
134876.1243889238 126291.8840180037
135370.9636880693 121946.9734122843
135535.9101211178 122341.9652855315
138504.9459159909 122473.6292432806
138010.1066168454 121551.9815390371
137845.1601837969 123000.2850742769
137680.2137507484 121683.6454967862
137515.2673176999 120893.6617502917
136525.5887194088 119840.3500882992
136360.6422863603 124843.5804827639
136030.7494202633 125896.8921447564
135700.8565541663 126028.5561025055
135700.8565541663 125238.5723560111
135700.8565541663 123658.6048630222
135700.8565541663 121420.3175812880
116402.1238874911 105357.3147359013
116237.1774544426 105620.6426513995
116072.2310213941 104830.6589049050
115412.4452892001 107332.2741021374
115247.4988561515 103514.0193274143
114257.8202578605 108912.2415951262
113598.0345256665 109307.2334683735
113268.1416595695 109833.8892993697

132072.0350270992 126028.5561025055
138504.9459159909 122473.6292432806
138339.9994829424 122078.6373700334
138175.0530498939 122605.2932010297
138010.1066168454 122868.6211165278
138010.1066168454 121551.9815390371
137515.2673176999 120893.6617502917
136360.6422863603 124843.5804827639
136360.6422863603 119840.3500882992
136030.7494202633 125896.8921447564
135700.8565541663 126028.5561025055
135700.8565541663 125238.5723560111
135700.8565541663 123658.6048630222
135535.9101211178 122341.9652855315
135370.9636880693 121946.9734122843
134876.1243889238 126291.8840180037
134711.1779558753 126686.8758912509
134711.1779558753 125896.8921447564
134711.1779558753 122341.9652855315
134546.2315228268 122605.2932010297
134381.2850897782 126818.5398489999
134381.2850897782 124053.5967362695
134381.2850897782 123263.6129897750
133886.4457906327 116943.7430178196
133886.4457906327 116548.7511445724
133061.7136253902 115758.7673980780
113268.1416595695 109833.8892993697
113598.0345256665 109307.2334683735
113762.9809587150 101012.4041301820
114092.8738248120 101539.0599611782
114257.8202578605 108912.2415951262
115247.4988561515 103514.0193274143
116896.9631866366 105620.6426513995
116072.2310213941 105488.9786936504

132072.0350270992 126028.5561025055
132072.0350270992 127213.5317222472
133061.7136253902 115758.7673980780
133886.4457906327 116548.7511445724
133886.4457906327 116943.7430178196
134381.2850897782 123263.6129897750
134381.2850897782 124053.5967362695
134546.2315228268 122605.2932010297
138504.9459159909 122473.6292432806
138175.0530498939 122605.2932010297
138010.1066168454 121551.9815390371
137680.2137507484 121683.6454967862
137515.2673176999 120893.6617502917
136525.5887194088 122078.6373700334
136525.5887194088 119840.3500882992
136360.6422863603 124843.5804827639
136030.7494202633 125896.8921447564
135700.8565541663 126028.5561025055
135700.8565541663 125238.5723560111
135700.8565541663 123658.6048630222
135535.9101211178 122341.9652855315
135370.9636880693 121946.9734122843
134876.1243889238 126291.8840180037
134711.1779558753 126686.8758912509
134711.1779558753 125896.8921447564
134711.1779558753 122341.9652855315
113268.1416595695 109833.8892993697
113598.0345256665 109307.2334683735
114257.8202578605 108912.2415951262
116402.1238874911 105357.3147359013
116072.2310213941 104830.6589049050
115247.4988561515 103514.0193274143
114092.8738248120 101539.0599611782
113762.9809587150 101012.4041301820

130257.6242635656 131690.1062857156
130422.5706966141 131163.4504547193
130917.4099957596 129451.8190039814
131247.3028618566 128793.4992152360
131577.1957279537 130636.7946237230
131742.1421610021 128003.5154687416
131742.1421610021 129451.8190039814
131907.0885940507 128398.5073419888
138504.9459159909 122473.6292432806
138339.9994829424 122078.6373700334
138175.0530498939 122605.2932010297
138010.1066168454 122868.6211165278
138010.1066168454 121551.9815390371
137515.2673176999 120893.6617502917
137185.3744516029 124185.2606940185
136525.5887194088 125370.2363137602
136360.6422863603 124843.5804827639
136030.7494202633 125896.8921447564
135700.8565541663 126028.5561025055
135700.8565541663 125238.5723560111
135700.8565541663 123658.6048630222
135535.9101211178 122341.9652855315
135370.9636880693 121946.9734122843
135206.0172550208 122605.2932010297
135041.0708219723 126028.5561025055
135041.0708219723 123658.6048630222
113598.0345256665 100617.4122569347
113927.9273917635 101144.0680879310
114092.8738248120 101539.0599611782
114257.8202578605 102329.0437076727
114422.7666909090 102065.7157921745
115082.5524231030 103119.0274541671
115247.4988561515 103514.0193274143
115577.3917222486 104567.3309894069

132072.0350270992 126028.5561025055
133061.7136253902 115758.7673980780
133886.4457906327 116548.7511445724
133886.4457906327 116943.7430178196
134381.2850897782 123263.6129897750
134381.2850897782 124053.5967362695
134381.2850897782 126818.5398489999
134546.2315228268 122605.2932010297
134711.1779558753 117997.0546798122
134711.1779558753 122341.9652855315
134711.1779558753 125896.8921447564
134711.1779558753 126686.8758912509
134876.1243889238 126291.8840180037
135370.9636880693 121946.9734122843
135535.9101211178 122341.9652855315
135700.8565541663 123658.6048630222
135700.8565541663 125238.5723560111
135700.8565541663 126028.5561025055
138504.9459159909 122473.6292432806
138339.9994829424 122078.6373700334
138175.0530498939 122605.2932010297
138010.1066168454 121551.9815390371
137515.2673176999 120893.6617502917
136525.5887194088 122078.6373700334
136360.6422863603 124843.5804827639
136030.7494202633 125896.8921447564
113268.1416595695 109833.8892993697
116072.2310213941 104830.6589049050
115247.4988561515 103514.0193274143
115082.5524231030 103119.0274541671
114422.7666909090 102065.7157921745
114257.8202578605 102329.0437076727
114092.8738248120 101539.0599611782
113927.9273917635 101144.0680879310

138504.9459159909 122473.6292432806
138175.0530498939 122605.2932010297
138010.1066168454 121551.9815390371
137680.2137507484 121683.6454967862
137515.2673176999 120893.6617502917
136525.5887194088 122078.6373700334
136360.6422863603 124843.5804827639
136030.7494202633 125896.8921447564
135700.8565541663 126028.5561025055
135700.8565541663 125238.5723560111
135700.8565541663 123658.6048630222
135535.9101211178 122341.9652855315
135370.9636880693 121946.9734122843
134876.1243889238 126291.8840180037
134711.1779558753 126686.8758912509
134711.1779558753 125896.8921447564
134711.1779558753 122341.9652855315
134711.1779558753 117997.0546798122
134546.2315228268 122605.2932010297
136525.5887194088 119840.3500882992
134381.2850897782 124053.5967362695
134381.2850897782 123263.6129897750
133886.4457906327 116943.7430178196
133886.4457906327 116548.7511445724
133061.7136253902 115758.7673980780
132072.0350270992 126028.5561025055
113268.1416595695 109833.8892993697
113598.0345256665 109307.2334683735
116072.2310213941 104830.6589049050
115247.4988561515 103514.0193274143
116402.1238874911 105357.3147359013
114257.8202578605 108912.2415951262
114257.8202578605 102065.7157921745
113762.9809587150 107858.9299331337

138504.9459159909 122473.6292432806
138175.0530498939 122605.2932010297
138010.1066168454 121551.9815390371
137680.2137507484 121683.6454967862
137515.2673176999 120893.6617502917
136525.5887194088 122078.6373700334
136360.6422863603 124843.5804827639
136030.7494202633 125896.8921447564
135700.8565541663 126028.5561025055
135700.8565541663 125238.5723560111
135700.8565541663 123658.6048630222
135535.9101211178 122341.9652855315
135370.9636880693 121946.9734122843
134876.1243889238 126291.8840180037
134711.1779558753 126686.8758912509
134711.1779558753 125896.8921447564
134711.1779558753 122341.9652855315
134711.1779558753 117997.0546798122
134546.2315228268 122605.2932010297
136525.5887194088 119840.3500882992
134381.2850897782 124053.5967362695
134381.2850897782 123263.6129897750
133886.4457906327 116943.7430178196
133886.4457906327 116548.7511445724
133061.7136253902 115758.7673980780
132072.0350270992 126028.5561025055
113268.1416595695 109833.8892993697
113598.0345256665 109307.2334683735
116072.2310213941 104830.6589049050
115247.4988561515 103514.0193274143
116402.1238874911 105357.3147359013
114257.8202578605 108912.2415951262
114257.8202578605 102065.7157921745
116237.1774544426 105620.6426513995

132072.0350270992 126028.5561025055
133061.7136253902 115758.7673980780
133886.4457906327 116548.7511445724
133886.4457906327 116943.7430178196
134381.2850897782 123263.6129897750
134381.2850897782 124053.5967362695
138504.9459159909 122473.6292432806
138175.0530498939 122605.2932010297
138010.1066168454 121551.9815390371
137680.2137507484 121683.6454967862
137515.2673176999 120893.6617502917
136525.5887194088 122078.6373700334
136360.6422863603 124843.5804827639
136030.7494202633 125896.8921447564
135700.8565541663 126028.5561025055
135700.8565541663 125238.5723560111
135700.8565541663 123658.6048630222
135535.9101211178 122341.9652855315
135370.9636880693 121946.9734122843
134876.1243889238 126291.8840180037
134711.1779558753 126686.8758912509
134711.1779558753 125896.8921447564
134711.1779558753 122341.9652855315
134711.1779558753 117997.0546798122
134546.2315228268 122605.2932010297
134381.2850897782 126818.5398489999
113268.1416595695 109833.8892993697
116402.1238874911 105357.3147359013
116237.1774544426 105620.6426513995
116072.2310213941 104830.6589049050
115247.4988561515 103514.0193274143
114257.8202578605 108912.2415951262
114257.8202578605 102065.7157921745
113598.0345256665 109307.2334683735

138504.9459159909 122473.6292432806
138175.0530498939 122605.2932010297
138010.1066168454 121551.9815390371
137680.2137507484 121683.6454967862
137515.2673176999 120893.6617502917
136525.5887194088 122078.6373700334
136360.6422863603 124843.5804827639
136030.7494202633 125896.8921447564
135700.8565541663 126028.5561025055
135700.8565541663 125238.5723560111
135700.8565541663 123658.6048630222
135535.9101211178 122341.9652855315
135370.9636880693 121946.9734122843
134876.1243889238 126291.8840180037
134711.1779558753 126686.8758912509
134711.1779558753 125896.8921447564
134711.1779558753 122341.9652855315
134711.1779558753 117997.0546798122
134546.2315228268 122605.2932010297
134381.2850897782 126818.5398489999
134381.2850897782 124053.5967362695
134381.2850897782 123263.6129897750
133886.4457906327 116943.7430178196
133886.4457906327 116548.7511445724
133061.7136253902 115758.7673980780
132072.0350270992 126028.5561025055
113268.1416595695 109833.8892993697
114422.7666909090 102329.0437076727
116072.2310213941 104830.6589049050
115247.4988561515 103514.0193274143
116402.1238874911 105357.3147359013
114257.8202578605 108912.2415951262
113762.9809587150 101012.4041301820
114092.8738248120 101539.0599611782

138504.9459159909 122473.6292432806
138175.0530498939 122605.2932010297
138010.1066168454 121551.9815390371
137680.2137507484 121683.6454967862
137515.2673176999 120893.6617502917
136525.5887194088 122078.6373700334
136360.6422863603 124843.5804827639
136030.7494202633 125896.8921447564
135700.8565541663 126028.5561025055
135700.8565541663 125238.5723560111
135700.8565541663 123658.6048630222
135535.9101211178 122341.9652855315
135370.9636880693 121946.9734122843
134876.1243889238 126291.8840180037
134711.1779558753 126686.8758912509
134711.1779558753 125896.8921447564
134711.1779558753 122341.9652855315
134711.1779558753 117997.0546798122
134546.2315228268 122605.2932010297
134381.2850897782 126818.5398489999
134381.2850897782 124053.5967362695
134381.2850897782 123263.6129897750
133886.4457906327 116943.7430178196
133886.4457906327 116548.7511445724
133061.7136253902 115758.7673980780
132072.0350270992 126028.5561025055
113268.1416595695 109833.8892993697
113598.0345256665 109307.2334683735
116072.2310213941 104830.6589049050
115247.4988561515 103514.0193274143
114752.6595570060 106937.2822288902
114257.8202578605 108912.2415951262
113762.9809587150 101012.4041301820
114092.8738248120 101539.0599611782

138504.9459159909 122473.6292432806
138175.0530498939 122605.2932010297
138010.1066168454 121551.9815390371
137680.2137507484 121683.6454967862
137515.2673176999 120893.6617502917
136525.5887194088 122078.6373700334
136360.6422863603 124843.5804827639
136030.7494202633 125896.8921447564
135700.8565541663 126028.5561025055
135700.8565541663 125238.5723560111
135700.8565541663 123658.6048630222
135535.9101211178 122341.9652855315
135370.9636880693 121946.9734122843
134876.1243889238 126291.8840180037
134711.1779558753 126686.8758912509
134711.1779558753 125896.8921447564
134711.1779558753 122341.9652855315
134711.1779558753 117997.0546798122
134546.2315228268 122605.2932010297
134381.2850897782 126818.5398489999
134381.2850897782 124053.5967362695
134381.2850897782 123263.6129897750
133886.4457906327 116943.7430178196
133886.4457906327 116548.7511445724
133061.7136253902 115758.7673980780
132072.0350270992 126028.5561025055
113268.1416595695 109833.8892993697
113598.0345256665 109307.2334683735
116072.2310213941 104830.6589049050
115247.4988561515 103514.0193274143
116402.1238874911 105357.3147359013
114257.8202578605 108912.2415951262
113762.9809587150 101012.4041301820
114092.8738248120 101539.0599611782

138504.9459159909 122473.6292432806
138175.0530498939 122605.2932010297
138010.1066168454 121551.9815390371
137680.2137507484 121683.6454967862
137515.2673176999 120893.6617502917
136525.5887194088 122078.6373700334
136360.6422863603 124843.5804827639
136030.7494202633 125896.8921447564
135700.8565541663 126028.5561025055
135700.8565541663 125238.5723560111
135700.8565541663 123658.6048630222
135535.9101211178 122341.9652855315
135370.9636880693 121946.9734122843
134876.1243889238 126291.8840180037
134711.1779558753 126686.8758912509
134711.1779558753 125896.8921447564
134711.1779558753 122341.9652855315
134711.1779558753 117997.0546798122
134546.2315228268 122605.2932010297
134381.2850897782 126818.5398489999
134381.2850897782 124053.5967362695
134381.2850897782 123263.6129897750
133886.4457906327 116943.7430178196
133886.4457906327 116548.7511445724
133061.7136253902 115758.7673980780
132072.0350270992 126028.5561025055
113268.1416595695 109833.8892993697
113598.0345256665 109307.2334683735
116072.2310213941 104830.6589049050
115247.4988561515 103514.0193274143
116402.1238874911 105357.3147359013
114422.7666909090 102065.7157921745
113762.9809587150 101012.4041301820
114092.8738248120 101539.0599611782

130917.4099957596 129451.8190039814
131247.3028618566 128793.4992152360
131907.0885940507 128398.5073419888
132236.9814601477 126686.8758912509
132401.9278931962 127476.8596377453
132566.8743262447 127871.8515109925
138504.9459159909 122473.6292432806
138339.9994829424 122078.6373700334
138175.0530498939 122605.2932010297
138010.1066168454 122868.6211165278
138010.1066168454 121551.9815390371
137515.2673176999 120893.6617502917
136525.5887194088 125370.2363137602
136360.6422863603 124843.5804827639
136030.7494202633 125896.8921447564
135700.8565541663 126028.5561025055
135700.8565541663 125238.5723560111
135700.8565541663 123658.6048630222
135535.9101211178 122341.9652855315
135370.9636880693 121946.9734122843
135041.0708219723 123658.6048630222
134876.1243889238 126291.8840180037
134711.1779558753 126686.8758912509
134711.1779558753 125896.8921447564
134711.1779558753 122341.9652855315
134546.2315228268 122605.2932010297
113598.0345256665 100617.4122569347
113927.9273917635 101144.0680879310
114092.8738248120 101539.0599611782
114257.8202578605 102329.0437076727
114422.7666909090 102065.7157921745
115082.5524231030 103119.0274541671
115247.4988561515 103514.0193274143
116072.2310213941 104830.6589049050

130422.5706966141 131163.4504547193
130917.4099957596 129451.8190039814
131247.3028618566 128793.4992152360
131742.1421610021 128003.5154687416
131742.1421610021 129451.8190039814
131907.0885940507 128398.5073419888
132566.8743262447 127871.8515109925
132731.8207592932 127345.1956799962
135041.0708219723 123658.6048630222
135041.0708219723 126028.5561025055
135206.0172550208 122605.2932010297
138504.9459159909 122473.6292432806
138339.9994829424 122078.6373700334
138175.0530498939 122605.2932010297
138010.1066168454 122868.6211165278
138010.1066168454 121551.9815390371
137515.2673176999 120893.6617502917
136525.5887194088 125370.2363137602
136360.6422863603 124843.5804827639
136030.7494202633 125896.8921447564
135700.8565541663 126028.5561025055
135700.8565541663 125238.5723560111
135700.8565541663 123658.6048630222
135370.9636880693 122341.9652855315
135370.9636880693 121946.9734122843
134876.1243889238 126291.8840180037
113598.0345256665 100617.4122569347
113927.9273917635 101144.0680879310
114092.8738248120 101539.0599611782
114257.8202578605 102329.0437076727
114422.7666909090 102065.7157921745
115082.5524231030 103119.0274541671
115247.4988561515 103514.0193274143
115577.3917222486 104567.3309894069

130917.4099957596 129451.8190039814
131247.3028618566 128793.4992152360
131742.1421610021 128003.5154687416
131907.0885940507 128398.5073419888
132236.9814601477 126686.8758912509
132566.8743262447 127871.8515109925
138504.9459159909 122473.6292432806
138339.9994829424 122078.6373700334
138175.0530498939 122605.2932010297
138010.1066168454 121551.9815390371
137515.2673176999 120893.6617502917
132401.9278931962 129056.8271307342
136360.6422863603 124843.5804827639
136030.7494202633 125896.8921447564
135700.8565541663 126028.5561025055
135700.8565541663 125238.5723560111
135700.8565541663 123658.6048630222
135370.9636880693 121946.9734122843
134876.1243889238 126291.8840180037
134711.1779558753 126686.8758912509
134711.1779558753 125896.8921447564
134711.1779558753 122341.9652855315
134546.2315228268 122605.2932010297
134381.2850897782 126818.5398489999
134381.2850897782 124053.5967362695
134216.3386567298 123131.9490320260
113598.0345256665 100617.4122569347
113927.9273917635 101144.0680879310
114092.8738248120 101539.0599611782
114257.8202578605 102329.0437076727
114422.7666909090 102065.7157921745
115082.5524231030 103119.0274541671
115247.4988561515 103514.0193274143
116072.2310213941 104830.6589049050

138504.9459159909 122473.6292432806
138175.0530498939 122605.2932010297
138010.1066168454 121551.9815390371
137680.2137507484 121683.6454967862
137515.2673176999 120893.6617502917
136525.5887194088 122078.6373700334
136360.6422863603 124843.5804827639
136030.7494202633 125896.8921447564
135700.8565541663 126028.5561025055
135700.8565541663 125238.5723560111
135700.8565541663 123658.6048630222
135535.9101211178 122341.9652855315
135370.9636880693 121946.9734122843
134876.1243889238 126291.8840180037
134711.1779558753 126686.8758912509
134711.1779558753 125896.8921447564
134711.1779558753 122341.9652855315
134711.1779558753 117997.0546798122
134546.2315228268 122605.2932010297
134381.2850897782 126818.5398489999
134381.2850897782 124053.5967362695
134381.2850897782 123263.6129897750
133886.4457906327 116943.7430178196
133886.4457906327 116548.7511445724
133061.7136253902 115758.7673980780
132072.0350270992 126028.5561025055
113268.1416595695 109833.8892993697
113762.9809587150 109307.2334683735
116072.2310213941 104830.6589049050
115247.4988561515 103514.0193274143
116402.1238874911 105357.3147359013
114422.7666909090 102065.7157921745
114257.8202578605 102329.0437076727
114092.8738248120 101539.0599611782

138504.9459159909 122473.6292432806
138175.0530498939 122605.2932010297
138010.1066168454 121551.9815390371
137680.2137507484 121683.6454967862
137515.2673176999 120893.6617502917
136525.5887194088 122078.6373700334
136360.6422863603 124843.5804827639
136030.7494202633 125896.8921447564
135700.8565541663 126028.5561025055
135700.8565541663 125238.5723560111
135700.8565541663 123658.6048630222
135535.9101211178 122341.9652855315
135370.9636880693 121946.9734122843
134876.1243889238 126291.8840180037
134711.1779558753 126686.8758912509
134711.1779558753 125896.8921447564
134711.1779558753 122341.9652855315
134711.1779558753 117997.0546798122
134546.2315228268 122605.2932010297
134381.2850897782 126818.5398489999
134381.2850897782 124053.5967362695
134381.2850897782 123263.6129897750
133886.4457906327 116943.7430178196
133886.4457906327 116548.7511445724
133061.7136253902 115758.7673980780
132072.0350270992 126028.5561025055
113268.1416595695 109833.8892993697
113927.9273917635 101144.0680879310
114257.8202578605 102329.0437076727
115082.5524231030 103119.0274541671
115082.5524231030 108648.9136796281
115247.4988561515 103514.0193274143
116072.2310213941 104830.6589049050
114257.8202578605 108912.2415951262

132072.0350270992 126028.5561025055
133061.7136253902 115758.7673980780
133886.4457906327 116548.7511445724
133886.4457906327 116943.7430178196
138504.9459159909 122473.6292432806
138175.0530498939 122605.2932010297
138010.1066168454 121551.9815390371
137680.2137507484 121683.6454967862
137515.2673176999 120893.6617502917
136525.5887194088 122078.6373700334
136360.6422863603 124843.5804827639
136030.7494202633 125896.8921447564
135700.8565541663 126028.5561025055
135700.8565541663 125238.5723560111
135700.8565541663 123658.6048630222
135535.9101211178 122341.9652855315
135370.9636880693 121946.9734122843
134876.1243889238 126291.8840180037
134711.1779558753 126686.8758912509
134711.1779558753 125896.8921447564
134711.1779558753 122341.9652855315
134711.1779558753 117997.0546798122
134546.2315228268 122605.2932010297
134381.2850897782 126818.5398489999
134381.2850897782 124053.5967362695
134381.2850897782 123263.6129897750
113268.1416595695 109833.8892993697
113762.9809587150 109307.2334683735
114257.8202578605 108912.2415951262
115577.3917222486 104567.3309894069
115247.4988561515 103514.0193274143
115082.5524231030 103119.0274541671
114422.7666909090 108253.9218063809
114422.7666909090 102065.7157921745

130422.5706966141 131163.4504547193
130917.4099957596 129451.8190039814
131247.3028618566 128793.4992152360
131577.1957279537 130636.7946237230
131742.1421610021 128003.5154687416
131742.1421610021 129451.8190039814
131907.0885940507 128398.5073419888
132566.8743262447 127871.8515109925
138504.9459159909 122473.6292432806
138175.0530498939 122605.2932010297
138010.1066168454 121551.9815390371
137680.2137507484 121683.6454967862
137515.2673176999 120893.6617502917
136525.5887194088 125370.2363137602
136525.5887194088 122078.6373700334
136360.6422863603 124843.5804827639
135700.8565541663 126028.5561025055
135700.8565541663 125238.5723560111
135700.8565541663 123658.6048630222
135535.9101211178 122341.9652855315
135370.9636880693 121946.9734122843
135206.0172550208 122605.2932010297
135041.0708219723 126028.5561025055
135041.0708219723 123658.6048630222
134876.1243889238 126291.8840180037
134876.1243889238 125238.5723560111
113598.0345256665 100617.4122569347
113927.9273917635 101144.0680879310
114092.8738248120 101539.0599611782
114257.8202578605 102329.0437076727
114422.7666909090 102065.7157921745
115082.5524231030 103119.0274541671
115247.4988561515 103514.0193274143
115577.3917222486 104567.3309894069

